Reward_Name,Platform,Quest_ID,XP,Items,Confidence,Language,Quest_Text_Preview
"WundtinkturValdis","P63",357,30,"[]",1.000,"German","Besorgt die Wundtinktur von Valdis und bringt sie zu Swerdis in Eloni"
"Items","P63",NOT_FOUND,0,"[]",1.000,"English","Sinwen Whiteleaf is looking for components of a large spellwork in the leafshade"
"Schwarzeibe","P63",414,35,"[]",1.000,"English","nnt Ihr irgendwo einen alten Bogen aus Schwarzeibe finden."
"ThurgonBrief","P63",NOT_FOUND,250,"[]",1.000,"German","Ich erkenne sie. Thurgon gab mir diesen Brief. Seht ihr die Anschrift?"
"Money","P63",NOT_FOUND,0,"[]",1.000,"English","Listen...since the Black Fist attacked us; looters have been prowling around her"
"WundtinkturSwerdis","P2",357,80,"[]",1.000,"German","Die Kinder der Elfen auf Eloni siechen dahin. Swerdis braucht eine Wundtinktur; "
"DieGeiseln","P4",462,40,"[]",1.000,"German","einige von uns gefangensetzen. Als Geiseln; sollten die Schwestern aus Eloni Rac"
"MosaikDesTodes","P16",NOT_FOUND,800,"[]",1.000,"German","en Steinbild - dem Mosaik des Todes!"
"Thar","P21",512,600,"[]",1.000,"English","The key point is the entrance to the mountain pass. It is advisable to await the"
"DerKatarakt","P21",376,600,"[]",1.000,"German","Findet jemanden; der General Torns Katarakt behandeln kann"
"ShardAutumn","P21",NOT_FOUND,400,"[]",1.000,"English","Elwen; who was to carry the Shard of Autumn Twilight to safety; has been attacke"
"Ulather","P23",NOT_FOUND,800,"[]",1.000,"English","This fragment belongs to Talia; a mage who has set off to defeat the demon Ulath"
"QuelleVergiftet","P102",NOT_FOUND,65,"[]",1.000,"German","Etwas ist in der Quelle verkeilt; was ihr Wasser vergiftet. Benutzt Tantaros Nag"
"GoblinRennen","P200",NOT_FOUND,2000,"[]",1.000,"German","Hier erlebt Ihr etwas; dass habt Ihr noch nicht gesehen! Das Rennen der schnells"
"RingGefunden","P201",893,5000,"[]",1.000,"English","hrer der Orks erbeuten! Bring sie zu mir; sobald du sie gefunden hast!"
"OpferTot","P202",1048,6000,"[]",1.000,"German","Aber er hat unser Land wohl nie erreicht. Vielleicht ist auch unser Bote den Unt"
"Conditions","P213",NOT_FOUND,0,"[]",1.000,"English","Under those conditions; I would allow the eastern gate to be opened for you. The"
"KlingzogsBeinlinge","P63",NOT_FOUND,35,"[]",1.000,"German","Bringt Klingzogs Beinlinge nach Graufurt"
"Steckbrief","P1",NOT_FOUND,20,"[]",1.000,"German","Ist dieser Steckbrief von Euch?"
"Traumdieb","P2",73,20,"[]",1.000,"German","Istur Ash; ein Gefangerer in Eloni; berichtet von Traumdieben ... Kreaturen; die"
"Homunculus","P15",NOT_FOUND,300,"[]",1.000,"German","Homunculus...ein Abbild. Geschaffen; nicht geboren. Mein Leben entstand durch..."
"Steinbrecher","P21",279,800,"[]",1.000,"German","Holt Uram; den Steinbrecher; von seinem Haus und sprengt mit ihm den"
"FialDargTotCenwenFrei","P113",697,2000,"[]",0.960,"German","nigin Cenwen aus den Klauen des Fial Darg zu befreien; ist ein Vormarsch in die "
"NachGraufurtPartEnde","P63",NOT_FOUND,10,"[]",0.900,"German","ckerobert werden kann. Die Wache am Portal kann die Nachricht nach Graufurt send"
"SickHermit1Zirfar","P63",358,600,"[]",0.900,"English","Shan Muir does not want to give the Zirfar potion to you; he says that it may ha"
"EchosShinTarGuar","P63",333,1000,"[]",0.900,"English","I could actually make out words. Tar; Shin and Guar!"
"GeistInDerMine","P1",36,35,"[]",0.900,"German","Bei der alten Mine ging eine Erscheinung um. Es schien der Geist eines Menschen "
"StaubDerSterne1","P2",71,20,"[]",0.900,"German","endes Sternenlicht; das magische Wasser unserer Welt; erstarrt zu vollendeten Kr"
"StaubDerSterne2","P2",NOT_FOUND,10,"[]",0.900,"German","endes Sternenlicht; das magische Wasser unserer Welt; erstarrt zu vollendeten Kr"
"StaubDerSterne3","P2",NOT_FOUND,5,"[]",0.900,"German","endes Sternenlicht; das magische Wasser unserer Welt; erstarrt zu vollendeten Kr"
"AlterMannUndMusik","P6",410,45,"[]",0.900,"German","Bleibt Ihr nur bei Eurem Lagerfeuer und Euren Geschichten; alter Mann!"
"MaskeDesBelial1","P12",219,300,"[]",0.900,"German","ck und zeigt Darius die Maske des Belial."
"MaskeDesBelial2","P12",216,300,"[]",0.900,"German","ck und zeigt Darius die Maske des Belial."
"KlagendeSteine2Korshar","P15",236,500,"[]",0.900,"German","Korshar befehligt seine Heere von der alten Festung in den Klagenden Steinen aus"
"AmraUndLea5","P15",NOT_FOUND,1200,"[]",0.900,"German","bsches Paar abgegeben; aber dann ging Lea fort; mit so einem vermummten Kerl. Un"
"AmraUndLea4","P7",NOT_FOUND,1200,"[]",0.900,"German","bsches Paar abgegeben; aber dann ging Lea fort; mit so einem vermummten Kerl. Un"
"TruppenZumPortalGesandt","P204",NOT_FOUND,9000,"[]",0.900,"German","Die Angriffe sind abgewehrt. Nun gilt es; die restlichen Truppen der Feinde aufz"
"AlleinEinenWegGefunden","P206",886,6500,"[]",0.900,"German","rper viele Klafter tief in die Erde...damit ich im Verborgenen ruhen kann...bis "
"WegZumTorFreigeraeumt","P213",1006,17500,"[]",0.900,"German","Rohen ist auf dem Weg zum Wildland-Pass. Sprecht mit Celen Fell; Kommandantin de"
"AngriffDerHoehlenorks","P63",438,20,"[]",0.800,"German","Die Angriffe sind abgewehrt. Nun gilt es; die restlichen Truppen der Feinde aufz"
"BlutAdhiraTrank","P63",402,4000,"[]",0.800,"German","Bringt Adhira das Blut m"
"BlutTombardTot","P63",397,2000,"[]",0.800,"German","nner sind tapfer; aber es sind zu viele der wandlenden Toten dort draussen. Unse"
"TricksterFindFlink","P63",220,500,"[]",0.800,"English","Find Flink McWinter and give him the golden fragment"
"DariusDerKarthograph","P1",46,25,"[]",0.800,"English","The Order of Dawn sent me. Are you the one they call Darius?"
"EinSeltsamerRing","P1",41,20,"[]",0.800,"English","Bring the news to Einar"
"Einsiedler1Shan","P1",NOT_FOUND,100,"[]",0.800,"German","Nun kann der Einsiedler in Graufurt endlich den Zirfartrank erhalten. Aber viell"
"DurchDenSchattenhain","P4",NOT_FOUND,130,"[]",0.800,"German","r Sie selbst (Ihren Avatar). Durch einen Linksklick werden Sie selektiert; durch"
"KoenigDerSpinnen","P6",107,45,"[]",0.800,"German","hrt. Markwart will Rache; aber keiner will dem sagenumwobenen Meister der Spinne"
"FeineStoffe1","P6",413,45,"[]",0.800,"English","r die Feine-Stoffe-Quest eingef"
"InsGrauschattental1","P10",472,50,"[]",0.800,"German","Die Angriffe sind abgewehrt. Nun gilt es; die restlichen Truppen der Feinde aufz"
"InsGrauschattental2","P10",146,150,"[]",0.800,"German","Die Angriffe sind abgewehrt. Nun gilt es; die restlichen Truppen der Feinde aufz"
"InsGrauschattental3","P10",NOT_FOUND,50,"[]",0.800,"German","Die Angriffe sind abgewehrt. Nun gilt es; die restlichen Truppen der Feinde aufz"
"InsGrauschattental4","P10",146,350,"[]",0.800,"German","Die Angriffe sind abgewehrt. Nun gilt es; die restlichen Truppen der Feinde aufz"
"AmraLeaGrab","P16",387,800,"[]",0.800,"English","Shan is Lea's sister; Amra's chosen one. She probably knows another part of the "
"FluechtlingeNachNorden","P101",644,150,"[]",0.800,"German","Der Wall ist durch Verwitterung und Menschenhand begehbar geworden. Er ist der e"
"KitharLagerZerstoert","P102",564,175,"[]",0.800,"German","Wo befindet sich das Lager der Kithar?"
"RuneDunhanGenommen","P102",567,175,"[]",0.800,"English","Use the rune monument to summon Dunhan and Reowys. Then the resistance will join"
"RuneReowysGenommen","P103",594,500,"[]",0.800,"English","Use the rune monument to summon Dunhan and Reowys. Then the resistance will join"
"SkeletonCampDestroyed","P105",NOT_FOUND,850,"[]",0.800,"English","Snarf's camp in the West must be destroyed. Celen wants his Dagger as proof of h"
"RueckkehrMitWindjalf","P108",612,1250,"[]",0.800,"English","Where will I find Windjalf; the smith?"
"InsCampGekommen","P201",776,2000,"[]",0.800,"English","The necromancer and former student Istur's has been possessed by a dream-snatche"
"ZerstoerungDesLagers","P203",807,24000,"[]",0.800,"German","ler Isturs ist von einem Traumdieb besessen und wahnsinnig. Nur der Tod kann ihn"
"ArenaKampf32","P204",NOT_FOUND,5000,"[]",0.800,"German","Na habt Ihr Euch entschieden? Wagt Ihr einen Kampf in der Arena? Oder schleicht "
"ArenaKampf36","P204",NOT_FOUND,7000,"[]",0.800,"German","Na habt Ihr Euch entschieden? Wagt Ihr einen Kampf in der Arena? Oder schleicht "
"ArenaKampf38","P204",NOT_FOUND,10000,"[]",0.800,"German","Na habt Ihr Euch entschieden? Wagt Ihr einen Kampf in der Arena? Oder schleicht "
"ArenaKampf40","P204",NOT_FOUND,12500,"[]",0.800,"German","Na habt Ihr Euch entschieden? Wagt Ihr einen Kampf in der Arena? Oder schleicht "
"ArenaKampf42","P204",1011,15000,"[]",0.800,"German","Na habt Ihr Euch entschieden? Wagt Ihr einen Kampf in der Arena? Oder schleicht "
"MitDryadeGesprochen","P205",NOT_FOUND,10000,"[]",0.800,"English","The malicious Dryade once drove the hermit into madness. He met her in Eloni and"
"LargeIrfitReward","P205",NOT_FOUND,13000,"[]",0.800,"English","He knows the largest deposits of dreamdust in Empyria! If I could only get him a"
"ErsteFestungBesiegt","P207",973,9500,"[]",0.800,"German","nderer ihr Versteck. Dorthin haben sie den Besitz von Illirias verschleppt. Find"
"ZweiteFestungBesiegt","P207",978,9500,"[]",0.800,"German","hrt die Kampfaxt wie kein Zweiter. Besiegt ihn und schlagt ihm den Kopf ab."
"UndeadRohenGetoetet","P207",988,12000,"[]",0.800,"English","The Circlemage Rohen has arrived with his Undead Guard. It seems he is not yet i"
"KopfloserTodVernichtet","P208",NOT_FOUND,10000,"[]",0.800,"German","Der Tod Shaknars hat den Traumdieb freigesetzt. Er muss vernichtet werden; um de"
"ArgamunVerwandeltSich","P208",863,10000,"[]",0.800,"German","Sucht die verwandelte Prinzessin; die sich im S"
"MasterGameWon","P208",1070,30000,"[]",0.800,"English","Environment mapping controls the mirroring and reflections in the game environme"
"StadtKathaiErreicht","P209",782,6000,"[]",0.800,"German","Ihr habt Shal'Dun; die Hauptstadt des roten Imperiums; erreicht. Der Zugang zum "
"GespraechMitKhal","P209",1083,2000,"[]",0.800,"German","ckhalten; aber nun scheinen sie jemanden zu haben; der ihnen hilft. Jemand mit M"
"KathaiStadtBefreit","P209",781,10000,"[]",0.800,"German","mpft alleine gegen die Untoten in der Stadt. Helft ihm und befragt ihn dann zur "
"ZwergenMonumentClaimed","P209",795,2000,"[]",0.800,"English","Use this button to select the next; activated monument. Cycle through all claime"
"LeaderNordarmeeKilled","P209",797,8000,"[]",0.800,"English","The imperial troops are disciplined; but they're weak without their leaders. Def"
"LeaderSuedarmeeKilled","P209",798,8000,"[]",0.800,"English","The imperial troops are disciplined; but they're weak without their leaders. Def"
"LeaderHauptarmeeKilled","P209",799,8000,"[]",0.800,"English","The imperial troops are disciplined; but they're weak without their leaders. Def"
"MonumenteElfClaimed","P211",NOT_FOUND,4000,"[]",0.800,"German","Ich diene der Rune! Ich kann Euch helfen! Gibt es in dieser Gegend noch einige d"
"AlleStelenOff","P212",NOT_FOUND,20000,"[]",0.800,"English","Shan Muir does not want to give the Zirfar potion to you; he says that it may ha"
"NahrungFuerAffenjunge","P213",1008,10000,"[]",0.800,"German","Bringt dem Affenjungen 500 Nahrung f"
"BlutigenDariusBefreit","P213",NOT_FOUND,30000,"[]",0.800,"German","Sucht und befreit Darius"
"AmraUndLea3Sentos","P63",384,500,"[]",0.720,"German","bsches Paar abgegeben; aber dann ging Lea fort; mit so einem vermummten Kerl. Un"
"WegNachEloni1Snarf","P1",14,25,"[]",0.720,"German","Rohen ist auf dem Weg zum Wildland-Pass. Sprecht mit Celen Fell; Kommandantin de"
"WegNachEloni2Portal","P1",16,30,"[]",0.720,"Italian","e zum Portal nach Eloni. Ihr Versteck ist ein Lager im Westen."
"AusDerTiefe1Schreiber","P1",NOT_FOUND,250,"[]",0.720,"German","chlich aus der Tiefe gestiegen. Er scheint verwirrt. Vielleicht wei"
"AusDerTiefe1Buch","P1",NOT_FOUND,150,"[]",0.720,"German","chlich aus der Tiefe gestiegen. Er scheint verwirrt. Vielleicht wei"
"AusDerTiefe2Spaeher","P1",NOT_FOUND,350,"[]",0.720,"German","chlich aus der Tiefe gestiegen. Er scheint verwirrt. Vielleicht wei"
"AmraUndLea2Sentos","P6",385,800,"[]",0.720,"German","bsches Paar abgegeben; aber dann ging Lea fort; mit so einem vermummten Kerl. Un"
"KlagendeSteine1BisTor","P15",238,400,"[]",0.720,"German","hlen! Die Untoten bewachen das Tor zu den klagenden Steinen scharf!"
"AufDemWall5Endkampf","P17",264,500,"[]",0.720,"German","ten Hof hier auf dem Wall. Wenn ihr weiter nach Norden zieht; dann beendet vorhe"
"EndeDesOrdens1Erreichen","P7",521,1500,"[]",0.720,"German","rte; dass ein Ende nahte und in jenem letzen Moment an der Schwelle des Todes; e"
"Tor1DurchTrickGeoeffnet","P204",NOT_FOUND,11000,"[]",0.720,"German","chter werden Euch nicht durchlassen. Lenkt sie entweder mit Tricks ab oder provo"
"Tor2DurchTrickGeoeffnet","P204",970,7000,"[]",0.720,"German","chter werden Euch nicht durchlassen. Lenkt sie entweder mit Tricks ab oder provo"
"Tor3DurchTrickGeoeffnet","P204",948,9000,"[]",0.720,"German","chter werden Euch nicht durchlassen. Lenkt sie entweder mit Tricks ab oder provo"
"SQCraigIstBotschafter","P204",1068,20000,"[]",0.720,"German","Der Botschafter ist im Tempelbezirk von Empyria. Sprecht mit ihm und gebt ihm Cr"
"NachGraufurtPartVillage","P63",NOT_FOUND,0,"[]",0.600,"English","The village Bergin is situated to the North. In the Western part; there are some"
"SickHermit2Locke","P63",NOT_FOUND,600,"[]",0.600,"English","Shan Muir does not want to give the Zirfar potion to you; he says that it may ha"
"FeineStoffe3Seide","P63",344,400,"[]",0.600,"English","r die Feine-Stoffe-Quest eingef"
"FeineStoffe4Robe","P63",NOT_FOUND,1100,"[]",0.600,"English","r die Feine-Stoffe-Quest eingef"
"AmraUndLea1Liannon1","P1",NOT_FOUND,200,"[]",0.600,"English","Talk to Sunder in Liannon about Amra's armor"
"AmraUndLea1Liannon2","P1",NOT_FOUND,400,"[]",0.600,"English","Talk to Sunder in Liannon about Amra's armor"
"AmraUndLea2Liannon1","P1",NOT_FOUND,500,"[]",0.600,"English","Talk to Sunder in Liannon about Amra's armor"
"AmraUndLea2Liannon2","P1",NOT_FOUND,300,"[]",0.600,"English","Talk to Sunder in Liannon about Amra's armor"
"DieLetztenSchuetzen1","P2",31,15,"[]",0.600,"German","Seno; dem Zahnbrecher von Graufurt; wurden auf seiner letzten Reise nach Liannon"
"DieLetztenSchuetzen2","P2",32,15,"[]",0.600,"German","Seno; dem Zahnbrecher von Graufurt; wurden auf seiner letzten Reise nach Liannon"
"DieLetztenSchuetzen3","P2",34,15,"[]",0.600,"German","Seno; dem Zahnbrecher von Graufurt; wurden auf seiner letzten Reise nach Liannon"
"AmWildlandPass1","P6",104,120,"[]",0.600,"English","One of Branningan's great armies is located in The Shiel and blocking the way to"
"AmWildlandPass2","P6",105,160,"[]",0.600,"English","One of Branningan's great armies is located in The Shiel and blocking the way to"
"FeineStoffe2Miria","P10",480,100,"[]",0.600,"English","r die Feine-Stoffe-Quest eingef"
"AufDemWall1Village1","P17",249,200,"[]",0.600,"German","ten Hof hier auf dem Wall. Wenn ihr weiter nach Norden zieht; dann beendet vorhe"
"AufDemWall2Village2","P17",NOT_FOUND,300,"[]",0.600,"German","ten Hof hier auf dem Wall. Wenn ihr weiter nach Norden zieht; dann beendet vorhe"
"AufDemWall3Village3","P17",258,300,"[]",0.600,"German","ten Hof hier auf dem Wall. Wenn ihr weiter nach Norden zieht; dann beendet vorhe"
"AufDemWall4Village4","P17",250,300,"[]",0.600,"German","ten Hof hier auf dem Wall. Wenn ihr weiter nach Norden zieht; dann beendet vorhe"
"DerPhoenix1Waechter","P19",308,1000,"[]",0.600,"English","The Guardian has the phoenix. Before he surrenders it; he will want proof of the"
"DerPhoenix6Ablieferung","P19",322,800,"[]",0.600,"English","The Guardian has the phoenix. Before he surrenders it; he will want proof of the"
"WolfUndDrache1","P21",274,200,"[]",0.600,"English","I found a wolf cub about to starve to death. Too weak to move; even."
"WolfUndDrache2","P21",NOT_FOUND,400,"[]",0.600,"English","I found a wolf cub about to starve to death. Too weak to move; even."
"NachUrgath1Elfensiedlung","P27",NOT_FOUND,1000,"[]",0.600,"Italian","e Portal...nach Urgath!"
"NachUrgath2Monument","P27",537,1400,"[]",0.600,"Italian","e Portal...nach Urgath!"
"NachUrgath3Archon","P27",NOT_FOUND,2000,"[]",0.600,"Italian","e Portal...nach Urgath!"
"DreiMagierZolowinFree","P102",634,0,"[]",0.600,"German","Drei seltsame Magier werden in den Sturmfelsen von den Kithar gefangen gehalten."
"DreiMagierZolowinGive","P102",NOT_FOUND,55,"[]",0.600,"English","Take the stones away from Renya and Zolowin; and bring me the Crawler fetish! Th"
"DreiMagierGruolunGive","P102",636,55,"[]",0.600,"German","Drei seltsame Magier werden in den Sturmfelsen von den Kithar gefangen gehalten."
"DreiMagierRenyaGive","P102",635,35,"[]",0.600,"English","Take the stones away from Renya and Zolowin; and bring me the Crawler fetish! Th"
"DreiMagierZolowinSave","P102",NOT_FOUND,250,"[]",0.600,"German","Drei seltsame Magier werden in den Sturmfelsen von den Kithar gefangen gehalten."
"DreiMagierGruolunSave","P102",NOT_FOUND,250,"[]",0.600,"German","Drei seltsame Magier werden in den Sturmfelsen von den Kithar gefangen gehalten."
"DreiMagierRenyaSave","P102",NOT_FOUND,250,"[]",0.600,"German","Drei seltsame Magier werden in den Sturmfelsen von den Kithar gefangen gehalten."
"FugisBroughtToTirganach","P105",691,450,"[]",0.600,"English","The treasure has been found. Obviously Flink's story about the 15 guards wasn't "
"SQTiondriaBuchDariusGefunden","P105",701,300,"[]",0.600,"German","nge! Ich bin Tiondria dicht auf der Spur! Das Buch von Darius gab mir endlich de"
"SQTiondriaBuchDariusZurueck","P105",NOT_FOUND,400,"[]",0.600,"German","nge! Ich bin Tiondria dicht auf der Spur! Das Buch von Darius gab mir endlich de"
"P109PortalErreicht","P109",NOT_FOUND,350,"[]",0.600,"Italian","Aber bis Ihr das Portal dorthin erreicht; erwartet Euch noch ein harter Kampf!"
"AlleVierFackelnAn","P111",675,1000,"[]",0.600,"German","Diese Arbeiter-Rune ist aktiviert. Wird sie entfernt; so verlieren Sie alle mit "
"ColosseumRunde01Sieg","P200",NOT_FOUND,7000,"[]",0.600,"German","ne des Colosseums um Eure Belohnung zu erhalten. Falls Ihr eine weitere Runde wa"
"ColosseumRunde02Sieg","P200",NOT_FOUND,8000,"[]",0.600,"German","ne des Colosseums um Eure Belohnung zu erhalten. Falls Ihr eine weitere Runde wa"
"ColosseumRunde03Sieg","P200",NOT_FOUND,9000,"[]",0.600,"German","ne des Colosseums um Eure Belohnung zu erhalten. Falls Ihr eine weitere Runde wa"
"ColosseumRunde04Sieg","P200",NOT_FOUND,10000,"[]",0.600,"German","ne des Colosseums um Eure Belohnung zu erhalten. Falls Ihr eine weitere Runde wa"
"ColosseumRunde05Sieg","P200",NOT_FOUND,12500,"[]",0.600,"German","ne des Colosseums um Eure Belohnung zu erhalten. Falls Ihr eine weitere Runde wa"
"ColosseumRunde06Sieg","P200",NOT_FOUND,15000,"[]",0.600,"German","ne des Colosseums um Eure Belohnung zu erhalten. Falls Ihr eine weitere Runde wa"
"ColosseumRunde07Sieg","P200",NOT_FOUND,17500,"[]",0.600,"German","ne des Colosseums um Eure Belohnung zu erhalten. Falls Ihr eine weitere Runde wa"
"ColosseumRunde08Sieg","P200",NOT_FOUND,20500,"[]",0.600,"German","ne des Colosseums um Eure Belohnung zu erhalten. Falls Ihr eine weitere Runde wa"
"ColosseumRunde09Sieg","P200",NOT_FOUND,25000,"[]",0.600,"German","ne des Colosseums um Eure Belohnung zu erhalten. Falls Ihr eine weitere Runde wa"
"ColosseumRunde10Sieg","P200",1103,30000,"[]",0.600,"German","ne des Colosseums um Eure Belohnung zu erhalten. Falls Ihr eine weitere Runde wa"
"TorZurStaetteOffen","P202",845,10000,"[]",0.600,"German","Aber so schnell gibt sich Leonidar nicht geschlagen! Ich gebe euch noch einmal L"
"AlleTrolleKommenAn","P206",820,12000,"[]",0.600,"English","Der Zauberer kann ein untotes Wesen unter seine Kontrolle bringen. Verbraucht al"
"KathaiStadtTorOffen","P209",784,8000,"[]",0.600,"English","I am Khal; commander of the children of the forest; which you also call Kathai. "
"XalabarInArenaBesiegt","P209",791,10000,"[]",0.600,"English","Enter the arena and defeat Xalabar"
"EntryMenhirComboCorrect","P210",NOT_FOUND,3500,"[]",0.600,"English","Correct! And you could attack them from behind with your army! There is an ungua"
"LastChestInRoom5Opened","P210",NOT_FOUND,20000,"[]",0.600,"English","(The coin drops into the slot. The last latch pushes aside. The chest can now be"
"AirCoinPassageOpened","P210",NOT_FOUND,15000,"[]",0.600,"English","ui_item_quest_coin_air"
"SceptreOfWindsFound","P210",NOT_FOUND,20000,"[]",0.600,"English","And we must find the Sceptre of the Winds! Without it we cannot return to our pe"
"DschungelCamp1Killed","P211",NOT_FOUND,7000,"[]",0.600,"English","As soon as Seth has killed Briar; advance to the base camp."
"DschungelCamp2Killed","P211",NOT_FOUND,7000,"[]",0.600,"English","As soon as Seth has killed Briar; advance to the base camp."
"DschungelCamp3Killed","P211",NOT_FOUND,7000,"[]",0.600,"English","As soon as Seth has killed Briar; advance to the base camp."
"DschungelCamp4Killed","P211",NOT_FOUND,10000,"[]",0.600,"English","As soon as Seth has killed Briar; advance to the base camp."
"EchosGoran","P63",330,700,"[]",0.500,"English","Talk to Goran about the strange words."
"TricksterReturn","P63",NOT_FOUND,1000,"[]",0.500,"English","ui_item_quest_hadekodoll_trickster"
"EchosBuch","P1",NOT_FOUND,200,"[]",0.500,"English","QuestItem Buch des Shan Tar Guar"
"DieFreihaendler","P2",66,20,"[]",0.500,"English","Talk to one of the soldiers in order to open the gate to Eloni."
"Marcia1","P9",121,150,"[]",0.500,"English","Marcia; the messenger of the order; is in Stonewell preparing the city for anoth"
"GwensMedizin","P17",NOT_FOUND,600,"[]",0.500,"English","Sunder Dundrew; Gwens Father; is waiting wistfully for the medicine. It should b"
"WumpusKilled","P101",NOT_FOUND,550,"[]",0.500,"English","This ability permits the use of small bladed weapons that give fighters or those"
"JaninaBefreit","P102",NOT_FOUND,65,"[]",0.500,"English","Bring Janina to Hulu in the camp of the Skerg in the East"
"HuluErreicht","P102",NOT_FOUND,65,"[]",0.500,"English","Bring Janina to Hulu in the camp of the Skerg in the East"
"SetriusErreicht","P102",NOT_FOUND,65,"[]",0.500,"English","Bring Janina to Setrius in the Northeast"
"WaldschrateKilled","P103",593,250,"[]",0.500,"English","This ability permits the use of small bladed weapons that give fighters or those"
"GeistercampBesiegt","P107",NOT_FOUND,1150,"[]",0.500,"English","Wenn Du sie besiegt hast; dann bring die Rune zu mir! Ich werde sie Meister Rohe"
"AnfuehrerBesiegt","P107",NOT_FOUND,1150,"[]",0.500,"English","Wenn Du sie besiegt hast; dann bring die Rune zu mir! Ich werde sie Meister Rohe"
"WindjalfBefreit","P108",NOT_FOUND,1150,"[]",0.500,"English","Defeat Gorg and set Windjalf free from the cave."
"ZwergeBefreit","P109",NOT_FOUND,550,"[]",0.500,"English","Ich bringe Kunde vom Hetman der Zwerge."
"TorZerstoert","P109",693,750,"[]",0.500,"English","ui_btn_build_troll_corpsecollector"
"GrimBesiegt","P110",NOT_FOUND,750,"[]",0.500,"English","Wenn Du sie besiegt hast; dann bring die Rune zu mir! Ich werde sie Meister Rohe"
"ElementBeschworen","P111",NOT_FOUND,600,"[]",0.500,"English","Elemental Magic is dedicated to controlling the elements fire; ice and earth. Hi"
"DracheGetoetet","P115",670,5000,"[]",0.500,"English","QuestItem Drachenblut"
"UriasBefreit","P201",775,8000,"[]",0.500,"English","The order warrior Urias knows more about Hokan and his myrmidons. He commands th"
"CampsZerstoert","P201",777,15000,"[]",0.500,"English","The way to the east is being guarded by Brannigan's armies. In the North and the"
"GurimLebt","P201",NOT_FOUND,5000,"[]",0.500,"English","Talk to Gurim in the Western part of the Blackwater Coast once again"
"WachgeistTot","P202",NOT_FOUND,4000,"[]",0.500,"English","This is where you can learn new abilities. In total; you can learn up to 10 new "
"OpferFreigelassen","P202",1049,6000,"[]",0.500,"English","ume seiner Opfer. Bringt es  zu mir; wenn ihr erfolgreich wart. Wenn iche s stud"
"AschetaenzerTot","P202",NOT_FOUND,12000,"[]",0.500,"English","This is where you can learn new abilities. In total; you can learn up to 10 new "
"BlockadeDurchbrochen","P203",803,10000,"[]",0.500,"English","All of them! The whole army! Every knight; every esquire! They will break throug"
"LichkoenigTot","P203",802,4000,"[]",0.500,"English","This is where you can learn new abilities. In total; you can learn up to 10 new "
"TantaroGefunden","P203",1029,5000,"[]",0.500,"English","hrer der Orks erbeuten! Bring sie zu mir; sobald du sie gefunden hast!"
"FlinkAbgeliefert","P204",NOT_FOUND,5500,"[]",0.500,"English","Flink McWinter describes himself as a nomad; but also seems to be involved in so"
"PalastgartenErreicht","P204",816,10000,"[]",0.500,"English","nnt mich in den Palastgarten bringen?"
"GartenEntgiftet","P205",NOT_FOUND,10000,"[]",0.500,"English","nnt mich in den Palastgarten bringen?"
"RastplatzGefunden","P206",819,4500,"[]",0.500,"English","hrer der Orks erbeuten! Bring sie zu mir; sobald du sie gefunden hast!"
"FalleAusgeloest","P206",822,7000,"[]",0.500,"English","A restless shadow stalked the land near the old mine in the East of Liannon. It "
"UntotenlagerNord","P209",NOT_FOUND,9000,"[]",0.500,"English","Da qualche parte a nordovest troverai uno dei tre accampamenti nemici. Questo se"
"UntotenlagerWest","P209",NOT_FOUND,9000,"[]",0.500,"English","Brannigan's old headquarters reign over the Northwest of the Forest of Shadows. "
"UntotenlagerSued","P209",NOT_FOUND,9000,"[]",0.500,"English","I could see them as long as I had my ring! But they pursued me! Wherever I went!"
"CraigBefreit","P211",1061,10000,"[]",0.500,"English","Trygar claims; only Craig could know something about Amra's places of residence."
"MiniforgersKilled","P212",958,30000,"[]",0.500,"English","This ability permits the use of small bladed weapons that give fighters or those"
"HeldenErschaffen","P101",588,45,"[]",0.500,"Italian","ne ... Ein Portal will er erschaffen?"
"SchattenringBekommen","P111",673,500,"[]",0.500,"Italian","Warum habt ihr nichts unternommen um das Portal wieder frei zu bekommen?"
"ZahnbrechersZangen","P63",371,35,"[]",0.500,"German","Seno; dem Zahnbrecher von Graufurt; wurden auf seiner letzten Reise nach Liannon"
"SchattenweltShadowpulse","P63",NOT_FOUND,500,"[]",0.500,"German","ber die Schattenwelt. Erstaunlich!"
"Drachenpanzer1","P63",NOT_FOUND,100,"[]",0.500,"German","berleben - dann kommt wieder zu mir! Ich werde Euch einen Drachenpanzer formen!"
"Drachenpanzer2","P63",NOT_FOUND,800,"[]",0.500,"German","berleben - dann kommt wieder zu mir! Ich werde Euch einen Drachenpanzer formen!"
"Bannwerk1","P4",NOT_FOUND,60,"[]",0.500,"German","r ein Bannwerk; von dem Ihr spracht?"
"Bannwerk2","P4",97,60,"[]",0.500,"German","r ein Bannwerk; von dem Ihr spracht?"
"Erdenklinge2","P10",NOT_FOUND,200,"[]",0.500,"German","Bjarnes Bart; eine Erdenklinge!"
"Erdenklinge3","P10",170,400,"[]",0.500,"German","Bjarnes Bart; eine Erdenklinge!"
"Erdenklinge4","P10",NOT_FOUND,400,"[]",0.500,"German","Bjarnes Bart; eine Erdenklinge!"
"OrklagerEinnehmen","P104",575,175,"[]",0.500,"German","lpeln entringen. Nun wird er wieder seinen rechten Platz einnehmen."
"WerwolfGesamt","P109",NOT_FOUND,550,"[]",0.500,"German","Nun halten sie den gesamten Osten sowie das Dorf Gannan! Sie haben alles besetzt"
"MondstadtZerstoert","P110",NOT_FOUND,600,"[]",0.500,"German","Ich kenne Euer Bestreben; die Mondstadt zu vernichtetn... Ihr habt eine Macht er"
"SonnenstadtZerstoert","P110",NOT_FOUND,600,"[]",0.500,"German","ssel der Sonnenstadt. Ihr findet ihn im S"
"Drachenstein1","P115",NOT_FOUND,450,"[]",0.500,"German","Denn Euer erstes Ziel sind die Drachensteine! Sie sind die Manifestationen von  "
"Drachenstein2","P115",NOT_FOUND,450,"[]",0.500,"German","Denn Euer erstes Ziel sind die Drachensteine! Sie sind die Manifestationen von  "
"Drachenstein3","P115",NOT_FOUND,450,"[]",0.500,"German","Denn Euer erstes Ziel sind die Drachensteine! Sie sind die Manifestationen von  "
"Drachenstein4","P115",NOT_FOUND,450,"[]",0.500,"German","Denn Euer erstes Ziel sind die Drachensteine! Sie sind die Manifestationen von  "
"Drachenstein5","P115",NOT_FOUND,450,"[]",0.500,"German","Denn Euer erstes Ziel sind die Drachensteine! Sie sind die Manifestationen von  "
"Drachenstein6","P115",NOT_FOUND,450,"[]",0.500,"German","Denn Euer erstes Ziel sind die Drachensteine! Sie sind die Manifestationen von  "
"Drachenstein7","P115",667,1000,"[]",0.500,"German","Denn Euer erstes Ziel sind die Drachensteine! Sie sind die Manifestationen von  "
"Drachenstein8","P115",668,1000,"[]",0.500,"German","Denn Euer erstes Ziel sind die Drachensteine! Sie sind die Manifestationen von  "
"Drachenstein9","P115",669,1000,"[]",0.500,"German","Denn Euer erstes Ziel sind die Drachensteine! Sie sind die Manifestationen von  "
"LeutnantGesprochen","P201",895,3500,"[]",0.500,"German","Weise gesprochen! Der Zirkel wurde alsbald zu einem Zentrum der Macht! Eine Gefa"
"HeldenBeschworen","P202",827,2000,"[]",0.500,"German","Diese Helden-Rune ist aktiviert. Wird sie entfernt; so verlieren Sie auch den en"
"GrabmalGeoeffnet","P202",NOT_FOUND,12000,"[]",0.500,"German","Das Grabmal befindet sich in der Mitte eines Pentagramms und wird von einem Fial"
"WasserEntgiften","P203",1030,10000,"[]",0.500,"German","Farlorn hat seine Glaswaren alle zum Wassertransport herausgegeben. Im Norden vo"
"KarawaneLosgelaufen","P206",NOT_FOUND,10300,"[]",0.500,"German","Sprecht mit Bario; dem Karawanenf"
"BergrieseGeholfen","P207",989,6500,"[]",0.500,"German","llung Eurer Mission geholfen haben! Euer Auftrag hier ist beendet; Ihr k"
"SprengzwergBefreit","P207",977,8500,"[]",0.500,"German","stung und befreit den Greif! Er wird seinen Weg alleine zu mir finden; wenn ihr "
"SchattenklingeBefreit","P211",NOT_FOUND,10000,"[]",0.500,"German","stung und befreit den Greif! Er wird seinen Weg alleine zu mir finden; wenn ihr "
"WerwolfAbgelenkt","P211",NOT_FOUND,15000,"[]",0.500,"German","Euch wird schon was einfallen! Schaut Euch in der Umgebung der Tore um; fragt ei"
"DerPhoenix2Splitter1","P19",NOT_FOUND,800,"[]",0.480,"English","The Guardian has the phoenix. Before he surrenders it; he will want proof of the"
"DerPhoenix3Splitter2","P19",NOT_FOUND,800,"[]",0.480,"English","The Guardian has the phoenix. Before he surrenders it; he will want proof of the"
"DerPhoenix4Splitter3","P19",NOT_FOUND,800,"[]",0.480,"English","The Guardian has the phoenix. Before he surrenders it; he will want proof of the"
"DerPhoenix5Splitter4","P19",NOT_FOUND,800,"[]",0.480,"English","The Guardian has the phoenix. Before he surrenders it; he will want proof of the"
"ImCampMitAllenGeredet","P101",715,15,"[]",0.480,"English","This sword must have wrought many calamities! How many hosts have fallen victim "
"SQTiondriaFlinkBefreit","P105",NOT_FOUND,250,"[]",0.480,"English","Flink McWinter is looking for a legendary land that is supposedly called Tiondri"
"SQTiondriaSchatzGeteilt","P105",NOT_FOUND,2500,"[]",0.480,"German","Da ist der Offenbarungsort von Farnhardts Schatz aus Tiondria! All das Gold; das"
"SQTiondriaSchatzBehalten","P105",NOT_FOUND,250,"[]",0.480,"German","Da ist der Offenbarungsort von Farnhardts Schatz aus Tiondria! All das Gold; das"
"SQTiondriaSchatzGefunden","P108",712,550,"[]",0.480,"German","Da ist der Offenbarungsort von Farnhardts Schatz aus Tiondria! All das Gold; das"
"Room6SpiderGateOpened","P210",NOT_FOUND,15000,"[]",0.480,"English","The gate to the fortress is locked and cannot be opened from outside. You must p"
"Room4SkeletonDoorOpened","P210",NOT_FOUND,15000,"[]",0.480,"English","Brigor's fellows escaped with the sigils from Empyria to the South. Look for the"
"Room3HeadDoorOpened","P210",NOT_FOUND,45000,"[]",0.480,"English","Brigor's fellows escaped with the sigils from Empyria to the South. Look for the"
"EndeDesOrdens2DreiItems","P7",532,1500,"[]",0.400,"English","rgr; a giant has descended from the rocks of the Southern Windwalls and is threa"
"SQTiondriaSeite1Gefunden","P104",704,500,"[]",0.400,"German","... ist nicht Darius; richtig! Die Kreatur muss das Buch irgendwo gefunden haben"
"SQTiondriaSeite2Gefunden","P104",705,500,"[]",0.400,"German","... ist nicht Darius; richtig! Die Kreatur muss das Buch irgendwo gefunden haben"
"SQTiondriaSeite3Gefunden","P104",706,500,"[]",0.400,"German","... ist nicht Darius; richtig! Die Kreatur muss das Buch irgendwo gefunden haben"
"Zauberwerk2Feder","P63",NOT_FOUND,25,"[]",0.333,"English","Today; Nortander is more like a kind of loose confederation of the four survivin"
"Zauberwerk4Robe","P63",NOT_FOUND,120,"[]",0.333,"English","ui_item_quest_robe_03"
"Schattenwelt1Castagir","P63",111,120,"[]",0.333,"English","Castagir believes that Rigour; another necromancer; knows how its power can be r"
"Schattenwelt3Manifest","P63",NOT_FOUND,1000,"[]",0.333,"English","Bring the shadow manifest to Rigour"
"Zwergendienste1Hinrik","P63",NOT_FOUND,120,"[]",0.333,"English","Hinrik in Greyfell wants some brandy from his homeland. Find a suitable bottle a"
"KleineFische1","P1",128,10,"[]",0.333,"English","Kleiner Schmerzbringer"
"KleineFische2","P1",131,10,"[]",0.333,"English","Kleiner Schmerzbringer"
"Kopfjagd6Complete","P4",463,60,"[]",0.333,"English","Quest Menu - View quest related items; as well as a list of completed and unsolv"
"PurpurnesBanner2","P5",NOT_FOUND,45,"[]",0.333,"English","The House of Utran in the Shiel fell through the hands of a traitor. He has kidn"
"WeisseSchatten1","P10",163,80,"[]",0.333,"English","Rigour; ich bringe Euch den Schattenkristall!"
"WeisseSchatten2","P10",NOT_FOUND,40,"[]",0.333,"English","Rigour; ich bringe Euch den Schattenkristall!"
"Zwergendienste2Cronvig","P10",488,250,"[]",0.333,"English","Find Cronvig's eyeglasses and bring them to him."
"Grenzkrieg1Festung","P12",206,300,"[]",0.333,"English","Neu formieren! Ich will diese Festung fallen sehen! Sturm!"
"Trickster1Cassius","P15",NOT_FOUND,300,"[]",0.333,"English","ui_item_quest_hadekodoll_trickster"
"Schattenwelt4Kristall","P15",NOT_FOUND,1400,"[]",0.333,"English","Wo finde ich Feuerkristalle?"
"Schattenwelt2Rigour","P21",NOT_FOUND,300,"[]",0.333,"English","Bring the shadow ring to Rigour in Farlorn's Hope"
"Schattenwelt2aRigour","P21",NOT_FOUND,400,"[]",0.333,"English","Bring the shadow ring to Rigour in Farlorn's Hope"
"Schattenwelt2bRigour","P21",NOT_FOUND,600,"[]",0.333,"English","Bring the shadow ring to Rigour in Farlorn's Hope"
"Klingensturm1Monument","P25",550,1000,"[]",0.333,"English","This Hero Rune can be used on a Hero Monument to summon a hero. To remove it fro"
"Klingensturm2Sartarius","P25",NOT_FOUND,2600,"[]",0.333,"English","Go back to Greyfell and speak to Sartarius."
"HQBefreien","P101",586,150,"[]",0.333,"English","sst ihn finden und befreien."
"P103Erreicht","P103",NOT_FOUND,75,"[]",0.333,"English","QuestItem Zweite Rune (P103)"
"Camp1Befreit","P104",580,200,"[]",0.333,"English","The camp that is close to the lake could be defended even better. It won't be an"
"Camp2Befreit","P104",581,200,"[]",0.333,"English","The camp that is close to the lake could be defended even better. It won't be an"
"Camp3Befreit","P104",582,200,"[]",0.333,"English","The camp that is close to the lake could be defended even better. It won't be an"
"GuramMachtSprengung","P108",291,550,"[]",0.333,"English","Ich habe seinen Schlafplatz ausfindig gemacht."
"MasterOfMosaic","P108",NOT_FOUND,2000,"[]",0.333,"English","Heavy Combat Art is the ability to master large and powerful weapons and wear he"
"WerwolfTempel1","P109",653,350,"[]",0.333,"English","Wo finde ich die Tempelanlagen?"
"WerwolfTempel2","P109",654,350,"[]",0.333,"English","Wo finde ich die Tempelanlagen?"
"WerwolfTempel3","P109",655,350,"[]",0.333,"English","Wo finde ich die Tempelanlagen?"
"ErstenDrachenGetoetet","P201",836,5000,"[]",0.333,"English","QuestItem Drachenblut"
"ZweitenDrachenGetoetet","P201",NOT_FOUND,5000,"[]",0.333,"English","QuestItem Drachenblut"
"DrittenDrachenGetoetet","P201",840,5000,"[]",0.333,"English","QuestItem Drachenblut"
"ViertenDrachenGetoetet","P201",841,5000,"[]",0.333,"English","QuestItem Drachenblut"
"UrneZuHokan","P202",831,16000,"[]",0.333,"English","The Mask of Belial has to be taken from the Destroyer. Only the Mask will help H"
"GnomlingBossTot","P202",NOT_FOUND,8000,"[]",0.333,"English","This is where you can learn new abilities. In total; you can learn up to 10 new "
"ExtinctTuermeWeg","P202",NOT_FOUND,10000,"[]",0.333,"English","swego krasnoludzkiego towarzysza."
"DialogMitAeltestem","P203",1002,6000,"[]",0.333,"English","This ability permits the use of blunt weapons with the highest possible destruct"
"ZuTarioGegangen","P203",1031,7000,"[]",0.333,"English","Usa questo pulsante per aprire l'inventario del tuo Avatar."
"OberstadtRechtsErreicht","P204",NOT_FOUND,6500,"[]",0.333,"English","Sie haben die Queste 'Die verschollene Rune' erhalten. Wenn Sie die Queste ankli"
"OberstadtLinksErreicht","P204",NOT_FOUND,6500,"[]",0.333,"English","Darius is now willing to release Flink. Open Flinks cell with the key Darius gav"
"LyrioQuestGeloest","P204",810,6000,"[]",0.333,"English","ui_item_quest_ring_iron"
"IshtarTraumstabGebracht","P204",NOT_FOUND,4000,"[]",0.333,"English","Ishtar is worried because of the people who illegally deal with Dreamdust. You h"
"Nymphe1Befreit","P205",NOT_FOUND,6000,"[]",0.333,"English","The nymphets that the Dryads sent out were attacked and scattered around by spid"
"Nymphe2Befreit","P205",NOT_FOUND,6000,"[]",0.333,"English","The nymphets that the Dryads sent out were attacked and scattered around by spid"
"Nymphe3Befreit","P205",NOT_FOUND,6000,"[]",0.333,"English","The nymphets that the Dryads sent out were attacked and scattered around by spid"
"SmallIrfitReward","P205",NOT_FOUND,5000,"[]",0.333,"English","This ability permits the use of small bladed weapons that give fighters or those"
"DialogMitUnterhaendler","P206",886,7000,"[]",0.333,"English","This ability permits the use of blunt weapons with the highest possible destruct"
"Lager1Kaputtgemacht","P206",NOT_FOUND,7000,"[]",0.333,"English","Gesagt; getan. Ich lasse ein paar Sachen in euer Lager bringen."
"Lager2Kaputtgemacht","P206",NOT_FOUND,7000,"[]",0.333,"English","Gesagt; getan. Ich lasse ein paar Sachen in euer Lager bringen."
"DritteFestungBesiegt","P207",981,9500,"[]",0.333,"English","Wenn Du sie besiegt hast; dann bring die Rune zu mir! Ich werde sie Meister Rohe"
"VierteFestungBesiegt","P207",986,9500,"[]",0.333,"English","Wenn Du sie besiegt hast; dann bring die Rune zu mir! Ich werde sie Meister Rohe"
"Prinzessin1Befreit","P208",NOT_FOUND,3000,"[]",0.333,"English","e bringen; Prinzessin. Sollte es mein Volk noch geben; wenn ich dort ankomme ..."
"Prinzessin2Befreit","P208",NOT_FOUND,3000,"[]",0.333,"English","e bringen; Prinzessin. Sollte es mein Volk noch geben; wenn ich dort ankomme ..."
"Prinzessin3Befreit","P208",NOT_FOUND,3000,"[]",0.333,"English","e bringen; Prinzessin. Sollte es mein Volk noch geben; wenn ich dort ankomme ..."
"Prinzessin4Befreit","P208",NOT_FOUND,3000,"[]",0.333,"English","e bringen; Prinzessin. Sollte es mein Volk noch geben; wenn ich dort ankomme ..."
"Prinzessin5Befreit","P208",NOT_FOUND,3000,"[]",0.333,"English","e bringen; Prinzessin. Sollte es mein Volk noch geben; wenn ich dort ankomme ..."
"UruSpricht1","P209",1083,2000,"[]",0.333,"English","(The dead minotaurus has his eyes rolled back into his head and dry foam around "
"UruSpricht2","P209",934,2000,"[]",0.333,"English","(The dead minotaurus has his eyes rolled back into his head and dry foam around "
"UruSpricht3","P209",792,2000,"[]",0.333,"English","(The dead minotaurus has his eyes rolled back into his head and dry foam around "
"UruSpricht4","P209",794,2000,"[]",0.333,"English","(The dead minotaurus has his eyes rolled back into his head and dry foam around "
"UruSpricht5","P209",874,2000,"[]",0.333,"English","(The dead minotaurus has his eyes rolled back into his head and dry foam around "
"TurningHeadsCrossed","P210",NOT_FOUND,10000,"[]",0.333,"English","The spirits of Udwins men are returning to the face of the land near an old mine"
"TorJenquaiGeoeffnet","P211",NOT_FOUND,6500,"[]",0.333,"English","ui_btn_build_troll_corpsecollector"
"EndgegnerSoulforgerKilled","P211",1097,15000,"[]",0.333,"English","This ability permits the use of small bladed weapons that give fighters or those"
"Stele1Off","P212",NOT_FOUND,7000,"[]",0.333,"English","The Nightglow is a special ring that offers good portection against magic. It is"
"Stele2Off","P212",NOT_FOUND,7000,"[]",0.333,"English","The Nightglow is a special ring that offers good portection against magic. It is"
"Stele3Off","P212",NOT_FOUND,7000,"[]",0.333,"English","The Nightglow is a special ring that offers good portection against magic. It is"
"Stele4Off","P212",NOT_FOUND,7000,"[]",0.333,"English","The Nightglow is a special ring that offers good portection against magic. It is"
"Stele5Off","P212",NOT_FOUND,7000,"[]",0.333,"English","The Nightglow is a special ring that offers good portection against magic. It is"
"Stele6Off","P212",NOT_FOUND,7000,"[]",0.333,"English","The Nightglow is a special ring that offers good portection against magic. It is"
"DschungelWeisenDialog","P213",NOT_FOUND,8000,"[]",0.333,"English","Many characters have dialogues and orders that concern the main quest; other cha"
"P102Erreicht","P102",572,30,"[]",0.333,"Italian","Aber bis Ihr das Portal dorthin erreicht; erwartet Euch noch ein harter Kampf!"
"P104Erreicht","P104",NOT_FOUND,125,"[]",0.333,"Italian","Aber bis Ihr das Portal dorthin erreicht; erwartet Euch noch ein harter Kampf!"
"EchosBuchstabe1","P63",325,500,"[]",0.333,"Spanish","Las sospechosas son Lithere y Baetha. Ambas pertenecen a la Orden de Aryn."
"EchosBuchstabe2","P63",325,500,"[]",0.333,"Spanish","Las sospechosas son Lithere y Baetha. Ambas pertenecen a la Orden de Aryn."
"EchosBuchstabe3","P63",325,500,"[]",0.333,"Spanish","Las sospechosas son Lithere y Baetha. Ambas pertenecen a la Orden de Aryn."
"Zauberwerk1Augenglas","P63",335,10,"[]",0.333,"German","tigt ihr die Kristalle? Wollt ihr Zauberwerk damit wirken?"
"Zauberwerk3Kreide","P63",NOT_FOUND,35,"[]",0.333,"German","rerkreide zu besorgen. Diese spezielle Kreide wird nur von Orkschamanen hergeste"
"InInnenstadtGekommen","P110",NOT_FOUND,700,"[]",0.333,"German","ft; ist der Moment gekommen; ihm das vergiftete Fleisch unterzuschieben. Es muss"
"Ordensritter1Befreit","P201",NOT_FOUND,4000,"[]",0.333,"German","t; Ordensritter. Was tragt Ihr da in der Hand?"
"Ordensritter2Befreit","P201",NOT_FOUND,4000,"[]",0.333,"German","t; Ordensritter. Was tragt Ihr da in der Hand?"
"Ordensritter3Befreit","P201",NOT_FOUND,4000,"[]",0.333,"German","t; Ordensritter. Was tragt Ihr da in der Hand?"
"BefreiungShiel1Alfalas","P1",93,60,"[]",0.250,"English","ui_item_quest_dwarfshield_burst"
"Kopfjagd1Head1","P4",455,15,"[]",0.250,"English","ui_item_quest_head_02"
"Kopfjagd2Head2","P4",458,15,"[]",0.250,"English","ui_item_quest_head_02"
"Kopfjagd3Head3","P4",456,15,"[]",0.250,"English","ui_item_quest_head_02"
"Kopfjagd4Head4","P4",457,15,"[]",0.250,"English","ui_item_quest_head_02"
"Kopfjagd5Head5","P4",454,15,"[]",0.250,"English","ui_item_quest_head_02"
"BefreiungShiel1Kommandant","P5",NOT_FOUND,40,"[]",0.250,"English","ui_item_quest_dwarfshield_burst"
"BefreiungShiel2Dryaden","P5",NOT_FOUND,140,"[]",0.250,"English","ui_item_quest_dwarfshield_burst"
"PurpurnesBanner1Kettchen","P5",NOT_FOUND,35,"[]",0.250,"English","The House of Utran in the Shiel fell through the hands of a traitor. He has kidn"
"FluesterndeStadt4Endkampf","P16",490,450,"[]",0.250,"English","sste dieser ehemalige Stadtkern im Norden der Insel zu finden sein!"
"FluesterndeStadt5Maske","P16",NOT_FOUND,350,"[]",0.250,"English","Bring mir die Maske! Du hast meine Pl"
"DurchdenSpalt1Hin","P23",NOT_FOUND,1300,"[]",0.250,"English","Brannigan's old headquarters reign over the Northwest of the Forest of Shadows. "
"DurchdenSpalt2Her","P23",499,1300,"[]",0.250,"English","ui_item_quest_feather_01"
"AtmenderWald2Portal","P30",541,3000,"[]",0.250,"English","Are you sure that you want to enter this portal?"
"KreisSchluss4Soulforger","P32",547,10000,"[]",0.250,"English","By killing the soulforger! He his the most powerful being I ever created. He for"
"FugisBroughtToMap","P105",585,175,"[]",0.250,"English","ui_item_quest_map_01"
"SQScaramangirKilled","P105",NOT_FOUND,1500,"[]",0.250,"English","This ability permits the use of small bladed weapons that give fighters or those"
"ResistenteGargoyle1Tot","P202",NOT_FOUND,10000,"[]",0.250,"English","This is where you can learn new abilities. In total; you can learn up to 10 new "
"SQSethHealed","P204",1020,5000,"[]",0.250,"English","As soon as Seth has killed Briar; advance to the base camp."
"SQBotschafterGefunden","P204",1064,5000,"[]",0.250,"English","hrer der Orks erbeuten! Bring sie zu mir; sobald du sie gefunden hast!"
"SQBotschafterTot","P204",1068,10000,"[]",0.250,"English","This is where you can learn new abilities. In total; you can learn up to 10 new "
"SQSchutzgeldSmall","P204",NOT_FOUND,6000,"[]",0.250,"English","This ability permits the use of small bladed weapons that give fighters or those"
"SQSchutzgeldMedium","P204",NOT_FOUND,12000,"[]",0.250,"English","With the small headquarters; you can support a maximum of thirty combat units. M"
"SQSchutzgeldLarge","P204",NOT_FOUND,18000,"[]",0.250,"English","Sinwen Whiteleaf is looking for components of a large spellwork in the leafshade"
"VieleTrolleKommenAn","P206",NOT_FOUND,7000,"[]",0.250,"English","I wouldn't stop you; but the trail there is controlled by the Goblin hordes. We "
"WenigeTrolleKommenAn","P206",NOT_FOUND,3000,"[]",0.250,"English","I wouldn't stop you; but the trail there is controlled by the Goblin hordes. We "
"HolyArtefact1Gefunden","P209",789,4000,"[]",0.250,"English","The guardian in Mulandir is demanding the four fragments of a magical glass arte"
"HolyArtefact2Gefunden","P209",NOT_FOUND,4000,"[]",0.250,"English","The guardian in Mulandir is demanding the four fragments of a magical glass arte"
"P210KarteErreicht","P210",875,5000,"[]",0.250,"English","SchatzkisteP210_SidequestKey_AO2"
"AugenSet1Solved","P210",NOT_FOUND,3500,"[]",0.250,"English","Give word to Lian; as soon as the way to the settlement is safe for them. She wi"
"AugenSet2Solved","P210",NOT_FOUND,3500,"[]",0.250,"English","Give word to Lian; as soon as the way to the settlement is safe for them. She wi"
"AugenSet3Solved","P210",NOT_FOUND,3500,"[]",0.250,"English","Give word to Lian; as soon as the way to the settlement is safe for them. She wi"
"AugenSet4Solved","P210",NOT_FOUND,3500,"[]",0.250,"English","Give word to Lian; as soon as the way to the settlement is safe for them. She wi"
"Room2SensoSolved","P210",NOT_FOUND,14000,"[]",0.250,"English","Quest Menu - View quest related items; as well as a list of completed and unsolv"
"Room7ChessboardCrossed","P210",NOT_FOUND,15000,"[]",0.250,"English","Here; somewhere in the ruinous rests of the once mightiful halls; Korshar the bo"
"MonumenteZwerg1Claimed","P211",NOT_FOUND,4000,"[]",0.250,"English","Ich bringe Kunde vom Hetman der Zwerge."
"MonumenteZwerg2Claimed","P211",NOT_FOUND,4000,"[]",0.250,"English","Ich bringe Kunde vom Hetman der Zwerge."
"BeideMumienCampsPlatt","P213",NOT_FOUND,15000,"[]",0.250,"English","The way to the east is being guarded by Brannigan's armies. In the North and the"
"P107KarteErreicht","P107",684,275,"[]",0.250,"Italian","Aber bis Ihr das Portal dorthin erreicht; erwartet Euch noch ein harter Kampf!"
"P108KarteErreicht","P108",NOT_FOUND,350,"[]",0.250,"Italian","Aber bis Ihr das Portal dorthin erreicht; erwartet Euch noch ein harter Kampf!"
"P109KarteErreicht","P109",NOT_FOUND,350,"[]",0.250,"Italian","Aber bis Ihr das Portal dorthin erreicht; erwartet Euch noch ein harter Kampf!"
"P110KarteErreicht","P110",NOT_FOUND,350,"[]",0.250,"Italian","Aber bis Ihr das Portal dorthin erreicht; erwartet Euch noch ein harter Kampf!"
"P111KarteErreicht","P111",744,350,"[]",0.250,"Italian","Aber bis Ihr das Portal dorthin erreicht; erwartet Euch noch ein harter Kampf!"
"P113KarteErreicht","P113",746,350,"[]",0.250,"Italian","Aber bis Ihr das Portal dorthin erreicht; erwartet Euch noch ein harter Kampf!"
"P115KarteErreicht","P115",NOT_FOUND,400,"[]",0.250,"Italian","Aber bis Ihr das Portal dorthin erreicht; erwartet Euch noch ein harter Kampf!"
"P203KarteErreicht","P203",NOT_FOUND,1500,"[]",0.250,"Italian","Aber bis Ihr das Portal dorthin erreicht; erwartet Euch noch ein harter Kampf!"
"P204KarteErreicht","P204",809,3000,"[]",0.250,"Italian","Aber bis Ihr das Portal dorthin erreicht; erwartet Euch noch ein harter Kampf!"
"P205KarteErreicht","P205",810,5000,"[]",0.250,"Italian","Aber bis Ihr das Portal dorthin erreicht; erwartet Euch noch ein harter Kampf!"
"P206KarteErreicht","P206",818,5000,"[]",0.250,"Italian","Aber bis Ihr das Portal dorthin erreicht; erwartet Euch noch ein harter Kampf!"
"P207KarteErreicht","P207",891,4500,"[]",0.250,"Italian","Aber bis Ihr das Portal dorthin erreicht; erwartet Euch noch ein harter Kampf!"
"P208KarteErreicht","P208",NOT_FOUND,5000,"[]",0.250,"Italian","Aber bis Ihr das Portal dorthin erreicht; erwartet Euch noch ein harter Kampf!"
"P209KarteErreicht","P209",779,5000,"[]",0.250,"Italian","Aber bis Ihr das Portal dorthin erreicht; erwartet Euch noch ein harter Kampf!"
"P211KarteErreicht","P211",NOT_FOUND,5000,"[]",0.250,"Italian","Aber bis Ihr das Portal dorthin erreicht; erwartet Euch noch ein harter Kampf!"
"P212KarteErreicht","P212",971,5000,"[]",0.250,"Italian","Aber bis Ihr das Portal dorthin erreicht; erwartet Euch noch ein harter Kampf!"
"P213KarteErreicht","P213",956,5000,"[]",0.250,"Italian","Aber bis Ihr das Portal dorthin erreicht; erwartet Euch noch ein harter Kampf!"
"SchlachtUmBrunnenfels1","P9",112,100,"[]",0.250,"German","Sucht Marcia in Brunnenfels auf"
"SchlachtUmBrunnenfels2","P9",NOT_FOUND,150,"[]",0.250,"German","Sucht Marcia in Brunnenfels auf"
"SchlachtUmBrunnenfels2a","P9",121,150,"[]",0.250,"German","Sucht Marcia in Brunnenfels auf"
"AtmenderWald1Waldherz","P30",NOT_FOUND,2000,"[]",0.250,"German","Das alte Hauptquartier Brannigans beherrscht den Nordwesten des Schattenwaldes. "
"HlStaetteBaumGepflanzt","P202",844,10000,"[]",0.250,"German","chter wird ihn also verteidigen. Der Splitter ist unterhalb eines Steines in der"
"SQHaendlerFriedlich","P204",1075,10000,"[]",0.250,"German","re scheinen die friedlichere der beiden Parteien zu sein. Von ihnen ist eher Hil"
"SQAuftragGescheitert","P204",1068,3000,"[]",0.250,"German","Durch das Westtor. Im Auftrag des Ordens von Greyfell."
"FluesterndeStadt1Item1","P16",491,250,"[]",0.200,"English","ui_item_quest_ring_iron"
"FluesterndeStadt2Item2","P16",NOT_FOUND,250,"[]",0.200,"English","ui_item_quest_ring_iron"
"FluesterndeStadt3Item3","P16",NOT_FOUND,250,"[]",0.200,"English","ui_item_quest_ring_iron"
"KreisSchluss1Tor1","P32",NOT_FOUND,2000,"[]",0.200,"English","ui_btn_build_troll_corpsecollector"
"KreisSchluss2Tor2","P32",NOT_FOUND,2000,"[]",0.200,"English","ui_btn_build_troll_corpsecollector"
"KreisSchluss3Tor3","P32",NOT_FOUND,2000,"[]",0.200,"English","ui_btn_build_troll_corpsecollector"
"SQTiondriaMordfallSolved","P105",NOT_FOUND,1300,"[]",0.200,"English","Quest Menu - View quest related items; as well as a list of completed and unsolv"
"SQTiondriaObjekteEingesetzt","P111",NOT_FOUND,350,"[]",0.200,"English","To the Firefangs! I'm hot on the trail of Tiondria! Darius's book finally gave m"
"SQTiondriaMordfallHalfSolved","P105",NOT_FOUND,750,"[]",0.167,"English","ui_item_quest_ring_shadow_half_01"
"SQTiondriaMordfallNotSolved","P105",765,100,"[]",0.167,"English","Another ring for Ortah's collection"
"ExitDoorToP211Opened","P210",NOT_FOUND,25000,"[]",0.167,"English","ui_item_quest_hadekodoll_doorkeeper"
