reward_name,quest_id,quest_state,platform,file,file_path
DariusDerKarthograph,Q111,,P1,n1240.lua,p1/n1240.lua
DariusDerKarthograph,Q46,,P1,n1240.lua,p1/n1240.lua
DariusDerKarthograph,Q46,,P1,n1240.lua,p1/n1240.lua
DariusDerKarthograph,Q46,,P1,n1240.lua,p1/n1240.lua
DariusDerKarthograph,Q46,,P1,n1240.lua,p1/n1240.lua
DariusDerKarthograph,Q46,,P1,n1240.lua,p1/n1240.lua
DariusDerKarthograph,Q46,,P1,n1240.lua,p1/n1240.lua
DariusDerKarthograph,Q46,,P1,n1240.lua,p1/n1240.lua
DariusDerKarthograph,Q12,,P1,n1240.lua,p1/n1240.lua
DariusDerKarthograph,Q46,,P1,n1240.lua,p1/n1240.lua
DariusDerKarthograph,Q46,,P1,n1240.lua,p1/n1240.lua
DariusDerKarthograph,Q46,,P1,n1240.lua,p1/n1240.lua
DariusDerKarthograph,Q447,,P1,n1240.lua,p1/n1240.lua
DariusDerKarthograph,Q447,,P1,n1240.lua,p1/n1240.lua
DariusDerKarthograph,Q14,,P1,n1240.lua,p1/n1240.lua
DariusDerKarthograph,Q14,,P1,n1240.lua,p1/n1240.lua
DariusDerKarthograph,Q111,,P1,n1240.lua,p1/n1240.lua
DariusDerKarthograph,Q14,,P1,n1240.lua,p1/n1240.lua
DariusDerKarthograph,Q447,,P1,n1240.lua,p1/n1240.lua
DariusDerKarthograph,Q46,,P1,n1240.lua,p1/n1240.lua
DariusDerKarthograph,Q447,,P1,n1240.lua,p1/n1240.lua
DariusDerKarthograph,Q447,,P1,n1240.lua,p1/n1240.lua
DariusDerKarthograph,Q14,,P1,n1240.lua,p1/n1240.lua
DariusDerKarthograph,Q14,,P1,n1240.lua,p1/n1240.lua
DariusDerKarthograph,Q111,,P1,n1240.lua,p1/n1240.lua
DariusDerKarthograph,Q14,,P1,n1240.lua,p1/n1240.lua
DariusDerKarthograph,Q111,,P1,n1240.lua,p1/n1240.lua
DariusDerKarthograph,Q14,,P1,n1240.lua,p1/n1240.lua
DariusDerKarthograph,Q111,,P1,n1240.lua,p1/n1240.lua
DariusDerKarthograph,Q111,,P1,n1240.lua,p1/n1240.lua
DariusDerKarthograph,Q378,,P1,n1240.lua,p1/n1240.lua
DariusDerKarthograph,Q378,,P1,n1240.lua,p1/n1240.lua
AusDerTiefe1Buch,Q111,,P1,n1240.lua,p1/n1240.lua
EchosBuch,Q46,,P1,n1240.lua,p1/n1240.lua
WegNachEloni1Snarf,Q14,,P1,n1392.lua,p1/n1392.lua
Steckbrief,Q64,,P1,n1392.lua,p1/n1392.lua
WegNachEloni2Portal,Q17,,P1,n1609.lua,p1/n1609.lua
WegNachEloni2Portal,Q17,,P1,n1608.lua,p1/n1608.lua
GeistInDerMine,Q39,,P1,n1393.lua,p1/n1393.lua
KleineFische2,Q131,,P1,n1390.lua,p1/n1390.lua
Zwergenaxt,Q380,,P1,n1390.lua,p1/n1390.lua
Zwergenaxt,Q380,,P1,n1390.lua,p1/n1390.lua
Zwergenaxt,Q380,,P1,n1390.lua,p1/n1390.lua
Zwergenaxt,Q380,,P1,n1390.lua,p1/n1390.lua
Zwergenaxt,Q131,,P1,n1390.lua,p1/n1390.lua
AmraUndLea1Liannon1,Q131,,P1,n1390.lua,p1/n1390.lua
BefreiungShiel1Alfalas,Q90,,P1,n1394.lua,p1/n1394.lua
Einsiedler1Shan,Q93,,P1,n1394.lua,p1/n1394.lua
Einsiedler1Shan,Q90,,P1,n1394.lua,p1/n1394.lua
AmraUndLea1Liannon2,Q90,,P1,n1394.lua,p1/n1394.lua
AmraUndLea2Liannon1,Q381,,P1,n1394.lua,p1/n1394.lua
KleineFische1,Q128,,P1,n1396.lua,p1/n1396.lua
AmraUndLea2Liannon2,Q128,,P1,n1396.lua,p1/n1396.lua
EinSeltsamerRing,Q46,,P1,n1388.lua,p1/n1388.lua
AusDerTiefe1Schreiber,Q41,,P1,n1388.lua,p1/n1388.lua
AusDerTiefe2Spaeher,Q557,,P1,n1388.lua,p1/n1388.lua
WegNachEloni2Portal,Q17,,P1,n1611.lua,p1/n1611.lua
WegNachEloni2Portal,Q17,,P1,n1610.lua,p1/n1610.lua
WegNachEloni2Portal,Q17,,P1,n1406.lua,p1/n1406.lua
WundtinkturSwerdis,Q357,,P2,n2628.lua,p2/n2628.lua
TrommelnInWaeldern,Q132,,P2,n1399.lua,p2/n1399.lua
DieFreihaendler,Q66,,P2,n2904.lua,p2/n2904.lua
DieFreihaendler,Q66,,P2,n2904.lua,p2/n2904.lua
DieFreihaendler,Q66,,P2,n2904.lua,p2/n2904.lua
StaubDerSterne1,Q71,,P2,n2905.lua,p2/n2905.lua
StaubDerSterne2,Q71,,P2,n2905.lua,p2/n2905.lua
StaubDerSterne3,Q71,,P2,n2905.lua,p2/n2905.lua
DieLetztenSchuetzen2,Q32,,P2,n1411.lua,p2/n1411.lua
Traumdieb,Q73,,P2,n2907.lua,p2/n2907.lua
DieLetztenSchuetzen1,Q30,,P2,n1500.lua,p2/n1500.lua
DieLetztenSchuetzen3,Q34,,P2,n1505.lua,p2/n1505.lua
DieGeiseln,Q460,,P4,n1387.lua,p4/n1387.lua
Bannwerk1,Q462,,P4,n1387.lua,p4/n1387.lua
Bannwerk2,Q24,,P4,n1387.lua,p4/n1387.lua
DurchDenSchattenhain,Q22,,P4,n1362.lua,p4/n1362.lua
Kopfjagd6Complete,Q22,,P4,n1362.lua,p4/n1362.lua
Kopfjagd1Head1,Q453,,P4,n0.lua,p4/n0.lua
Kopfjagd2Head2,Q453,,P4,n0.lua,p4/n0.lua
Kopfjagd3Head3,Q453,,P4,n0.lua,p4/n0.lua
Kopfjagd4Head4,Q453,,P4,n0.lua,p4/n0.lua
Kopfjagd5Head5,Q453,,P4,n0.lua,p4/n0.lua
BefreiungShiel2Dryaden,Q486,,P5,n3394.lua,p5/n3394.lua
Bannwerk2,Q100,,P5,n1956.lua,p5/n1956.lua
BefreiungShiel1Kommandant,Q100,,P5,n1956.lua,p5/n1956.lua
Bannwerk2,Q100,,P5,n1956.lua,p5/n1956.lua
BefreiungShiel1Kommandant,Q134,,P5,n1956.lua,p5/n1956.lua
Bannwerk2,Q134,,P5,n1956.lua,p5/n1956.lua
BefreiungShiel1Kommandant,Q134,,P5,n1956.lua,p5/n1956.lua
Bannwerk2,Q96,,P5,n1956.lua,p5/n1956.lua
BefreiungShiel1Kommandant,Q96,,P5,n1956.lua,p5/n1956.lua
Bannwerk2,Q100,,P5,n1956.lua,p5/n1956.lua
BefreiungShiel1Kommandant,Q100,,P5,n1956.lua,p5/n1956.lua
Bannwerk2,Q100,,P5,n1956.lua,p5/n1956.lua
BefreiungShiel1Kommandant,Q100,,P5,n1956.lua,p5/n1956.lua
Bannwerk2,Q100,,P5,n1956.lua,p5/n1956.lua
BefreiungShiel1Kommandant,Q100,,P5,n1956.lua,p5/n1956.lua
Bannwerk2,Q100,,P5,n1956.lua,p5/n1956.lua
BefreiungShiel1Kommandant,Q100,,P5,n1956.lua,p5/n1956.lua
Bannwerk2,Q100,,P5,n1956.lua,p5/n1956.lua
BefreiungShiel1Kommandant,Q100,,P5,n1956.lua,p5/n1956.lua
Bannwerk2,Q100,,P5,n1956.lua,p5/n1956.lua
BefreiungShiel1Kommandant,Q100,,P5,n1956.lua,p5/n1956.lua
Bannwerk2,Q100,,P5,n1956.lua,p5/n1956.lua
BefreiungShiel1Kommandant,Q100,,P5,n1956.lua,p5/n1956.lua
Bannwerk2,Q100,,P5,n1956.lua,p5/n1956.lua
BefreiungShiel1Kommandant,Q100,,P5,n1956.lua,p5/n1956.lua
Bannwerk2,Q100,,P5,n1956.lua,p5/n1956.lua
BefreiungShiel1Kommandant,Q100,,P5,n1956.lua,p5/n1956.lua
Bannwerk2,Q100,,P5,n1956.lua,p5/n1956.lua
BefreiungShiel1Kommandant,Q100,,P5,n1956.lua,p5/n1956.lua
Bannwerk2,Q100,,P5,n1956.lua,p5/n1956.lua
BefreiungShiel1Kommandant,Q100,,P5,n1956.lua,p5/n1956.lua
Bannwerk2,Q100,,P5,n1956.lua,p5/n1956.lua
BefreiungShiel1Kommandant,Q100,,P5,n1956.lua,p5/n1956.lua
Bannwerk2,Q100,,P5,n1956.lua,p5/n1956.lua
BefreiungShiel1Kommandant,Q100,,P5,n1956.lua,p5/n1956.lua
Bannwerk2,Q136,,P5,n1956.lua,p5/n1956.lua
BefreiungShiel1Kommandant,Q137,,P5,n1956.lua,p5/n1956.lua
Bannwerk2,Q100,,P5,n1956.lua,p5/n1956.lua
BefreiungShiel1Kommandant,Q100,,P5,n1956.lua,p5/n1956.lua
Bannwerk2,Q100,,P5,n1956.lua,p5/n1956.lua
BefreiungShiel1Kommandant,Q100,,P5,n1956.lua,p5/n1956.lua
Bannwerk2,Q100,,P5,n1956.lua,p5/n1956.lua
BefreiungShiel1Kommandant,Q100,,P5,n1956.lua,p5/n1956.lua
Bannwerk2,Q100,,P5,n1956.lua,p5/n1956.lua
BefreiungShiel1Kommandant,Q100,,P5,n1956.lua,p5/n1956.lua
Bannwerk2,Q100,,P5,n1956.lua,p5/n1956.lua
BefreiungShiel1Kommandant,Q100,,P5,n1956.lua,p5/n1956.lua
Bannwerk2,Q100,,P5,n1956.lua,p5/n1956.lua
BefreiungShiel1Kommandant,Q100,,P5,n1956.lua,p5/n1956.lua
Bannwerk2,Q100,,P5,n1956.lua,p5/n1956.lua
BefreiungShiel1Kommandant,Q100,,P5,n1956.lua,p5/n1956.lua
Bannwerk2,Q134,,P5,n1956.lua,p5/n1956.lua
BefreiungShiel1Kommandant,Q136,,P5,n1956.lua,p5/n1956.lua
Bannwerk2,Q136,,P5,n1956.lua,p5/n1956.lua
BefreiungShiel1Kommandant,Q137,,P5,n1956.lua,p5/n1956.lua
Bannwerk2,Q136,,P5,n1956.lua,p5/n1956.lua
BefreiungShiel1Kommandant,Q137,,P5,n1956.lua,p5/n1956.lua
Bannwerk2,Q100,,P5,n1956.lua,p5/n1956.lua
BefreiungShiel1Kommandant,Q100,,P5,n1956.lua,p5/n1956.lua
Bannwerk2,Q134,,P5,n1956.lua,p5/n1956.lua
BefreiungShiel1Kommandant,Q134,,P5,n1956.lua,p5/n1956.lua
Bannwerk2,Q134,,P5,n1956.lua,p5/n1956.lua
BefreiungShiel1Kommandant,Q134,,P5,n1956.lua,p5/n1956.lua
Bannwerk2,Q134,,P5,n1956.lua,p5/n1956.lua
BefreiungShiel1Kommandant,Q134,,P5,n1956.lua,p5/n1956.lua
Bannwerk2,Q134,,P5,n1956.lua,p5/n1956.lua
BefreiungShiel1Kommandant,Q134,,P5,n1956.lua,p5/n1956.lua
PurpurnesBanner1Kettchen,Q100,,P5,n1956.lua,p5/n1956.lua
PurpurnesBanner2,Q100,,P5,n1956.lua,p5/n1956.lua
Kopfjagd6Complete,Q463,,P5,n1957.lua,p5/n1957.lua
FeineStoffe1,Q413,,P6,n1988.lua,P6/n1988.lua
AlterMannUndMusik,Q410,,P6,n1989.lua,P6/n1989.lua
KoenigDerSpinnen,Q107,,P6,n1987.lua,P6/n1987.lua
AmraUndLea2Sentos,Q385,,P6,n2898.lua,P6/n2898.lua
AmWildlandPass1,Q99,,P6,n0.lua,P6/n0.lua
AmWildlandPass2,Q99,,P6,n0.lua,P6/n0.lua
EndeDesOrdens2DreiItems,Q522,,P7,n4010.lua,P7/n4010.lua
AmraUndLea4,Q521,,P7,n4010.lua,P7/n4010.lua
AmraUndLea4,Q521,,P7,n4010.lua,P7/n4010.lua
AmraUndLea4,Q521,,P7,n4010.lua,P7/n4010.lua
AmraUndLea4,Q521,,P7,n4010.lua,P7/n4010.lua
AmraUndLea4,Q521,,P7,n4010.lua,P7/n4010.lua
AmraUndLea4,Q390,,P7,n4010.lua,P7/n4010.lua
AmraUndLea4,Q521,,P7,n4010.lua,P7/n4010.lua
AmraUndLea4,Q521,,P7,n4010.lua,P7/n4010.lua
EndeDesOrdens1Erreichen,Q521,,P7,n4009.lua,P7/n4009.lua
Marcia1,Q122,,P9,n2016.lua,P9/n2016.lua
Eisenkarren1,Q3309,,P9,n3309.lua,P9/n3309.lua
SchlachtUmBrunnenfels2a,Q117,,P9,n2017.lua,P9/n2017.lua
SchlachtUmBrunnenfels2,Q117,,P9,n2017.lua,P9/n2017.lua
Eisenkarren7,Q3315,,P9,n3315.lua,P9/n3315.lua
Eisenkarren6,Q3314,,P9,n3314.lua,P9/n3314.lua
SchlachtUmBrunnenfels1,Q122,,P9,n0.lua,P9/n0.lua
Eisenkarren2,Q3310,,P9,n3310.lua,P9/n3310.lua
Eisenkarren3,Q3311,,P9,n3311.lua,P9/n3311.lua
Eisenkarren5,Q3313,,P9,n3313.lua,P9/n3313.lua
Eisenkarren4,Q3312,,P9,n3312.lua,P9/n3312.lua
JeGroesser2,Q158,,P10,n2189.lua,P10/n2189.lua
InsGrauschattental1,Q403,,P10,n2177.lua,P10/n2177.lua
Erdenklinge2,Q166,,P10,n2177.lua,P10/n2177.lua
Zwergendienste2Cronvig,Q488,,P10,n2577.lua,P10/n2577.lua
WeisseSchatten1,Q164,,P10,n2263.lua,P10/n2263.lua
WeisseSchatten2,Q164,,P10,n2262.lua,P10/n2262.lua
FeineStoffe2Miria,Q480,,P10,n2183.lua,P10/n2183.lua
Reisserfell,Q481,,P10,n2183.lua,P10/n2183.lua
JeGroesser1,Q151,,P10,n2182.lua,P10/n2182.lua
InsGrauschattental2,Q141,,P10,n2184.lua,P10/n2184.lua
InsGrauschattental3,Q141,,P10,n2184.lua,P10/n2184.lua
InsGrauschattental3,Q141,,P10,n2184.lua,P10/n2184.lua
InsGrauschattental3,Q145,,P10,n2184.lua,P10/n2184.lua
InsGrauschattental3,Q145,,P10,n2184.lua,P10/n2184.lua
InsGrauschattental3,Q141,,P10,n2184.lua,P10/n2184.lua
InsGrauschattental3,Q141,,P10,n2184.lua,P10/n2184.lua
InsGrauschattental3,Q141,,P10,n2184.lua,P10/n2184.lua
InsGrauschattental3,Q141,,P10,n2184.lua,P10/n2184.lua
InsGrauschattental3,Q141,,P10,n2184.lua,P10/n2184.lua
InsGrauschattental3,Q141,,P10,n2184.lua,P10/n2184.lua
InsGrauschattental3,Q141,,P10,n2184.lua,P10/n2184.lua
InsGrauschattental3,Q141,,P10,n2184.lua,P10/n2184.lua
InsGrauschattental3,Q141,,P10,n2184.lua,P10/n2184.lua
InsGrauschattental3,Q141,,P10,n2184.lua,P10/n2184.lua
InsGrauschattental3,Q141,,P10,n2184.lua,P10/n2184.lua
InsGrauschattental3,Q141,,P10,n2184.lua,P10/n2184.lua
InsGrauschattental4,Q141,,P10,n2184.lua,P10/n2184.lua
Erdenklinge3,Q176,,P10,n2179.lua,P10/n2179.lua
Erdenklinge4,Q170,,P10,n2179.lua,P10/n2179.lua
InsGrauschattental4,Q138,,P10,n2178.lua,P10/n2178.lua
Erdklinge11,Q482,,P11,n2266.lua,P11/n2266.lua
Erdklinge12,Q482,,P11,n2266.lua,P11/n2266.lua
Erdklinge12,Q269,,P11,n2266.lua,P11/n2266.lua
Riesenaerger1,Q186,,P11,n2264.lua,P11/n2264.lua
Riesenaerger2,Q186,,P11,n2264.lua,P11/n2264.lua
Riesenaerger2,Q189,,P11,n2264.lua,P11/n2264.lua
Giftzwerg,Q509,,P11,n2680.lua,P11/n2680.lua
Grenzkrieg1Festung,Q210,,P12,n2322.lua,P12/n2322.lua
Verraeter,Q199,,P12,n2332.lua,P12/n2332.lua
Grenzkrieg2Canyon,Q190,,P12,n0.lua,P12/n0.lua
MaskeDesBelial1,Q190,,P12,n0.lua,P12/n0.lua
MaskeDesBelial2,Q190,,P12,n0.lua,P12/n0.lua
Schattenwelt4Kristall,Q421,,P15,n3256.lua,P15/n3256.lua
Trickster1Cassius,Q221,,P15,n4199.lua,P15/n4199.lua
Homunculus,Q2480,,P15,n2480.lua,P15/n2480.lua
Homunculus,Q2480,,P15,n2480.lua,P15/n2480.lua
KlagendeSteine1BisTor,Q225,,P15,n0.lua,P15/n0.lua
KlagendeSteine2Korshar,Q238,,P15,n0.lua,P15/n0.lua
MaskeDesBelial2,Q239,,P15,n0.lua,P15/n0.lua
FluesterndeStadt5Maske,Q244,,P16,n2576_CutsceneHokanII_mask.lua,p16/n2576_CutsceneHokanII_mask.lua
FluesterndeStadt5Maske,Q244,,P16,n2576_CutsceneHokanI_mask.lua,p16/n2576_CutsceneHokanI_mask.lua
MosaikDesTodes,Q3616,,P16,n3616.lua,p16/n3616.lua
MaskeDesBelial2,Q493,,P16,n0.lua,p16/n0.lua
FluesterndeStadt1Item1,Q493,,P16,n0.lua,p16/n0.lua
FluesterndeStadt1Item2,Q493,,P16,n0.lua,p16/n0.lua
FluesterndeStadt1Item3,Q217,,P16,n0.lua,p16/n0.lua
FluesterndeStadt4Endkampf,Q212,,P16,n0.lua,p16/n0.lua
AmraLeaGrab,Q211,,P16,n0.lua,p16/n0.lua
AufDemWall4Village4,Q250,,P17,n2613.lua,p17/n2613.lua
AufDemWall4Village4,Q250,,P17,n2613.lua,p17/n2613.lua
AufDemWall4Village4,Q250,,P17,n2613.lua,p17/n2613.lua
AufDemWall4Village4,Q250,,P17,n2613.lua,p17/n2613.lua
AufDemWall1Village1,Q2615,,P17,n2615.lua,p17/n2615.lua
AufDemWall2Village2,Q2614,,P17,n2614.lua,p17/n2614.lua
AufDemWall3Village3,Q258,,P17,n2616.lua,p17/n2616.lua
AufDemWall3Village3,Q258,,P17,n2616.lua,p17/n2616.lua
AufDemWall3Village3,Q258,,P17,n2616.lua,p17/n2616.lua
AufDemWall3Village3,Q258,,P17,n2616.lua,p17/n2616.lua
AufDemWall3Village3,Q258,,P17,n2616.lua,p17/n2616.lua
AufDemWall3Village3,Q258,,P17,n2616.lua,p17/n2616.lua
AufDemWall3Village3,Q258,,P17,n2616.lua,p17/n2616.lua
AufDemWall3Village3,Q258,,P17,n2616.lua,p17/n2616.lua
AufDemWall3Village3,Q258,,P17,n2616.lua,p17/n2616.lua
AufDemWall3Village3,Q258,,P17,n2616.lua,p17/n2616.lua
AufDemWall3Village3,Q258,,P17,n2616.lua,p17/n2616.lua
AufDemWall3Village3,Q258,,P17,n2616.lua,p17/n2616.lua
AufDemWall3Village3,Q258,,P17,n2616.lua,p17/n2616.lua
AufDemWall3Village3,Q258,,P17,n2616.lua,p17/n2616.lua
AufDemWall3Village3,Q260,,P17,n2616.lua,p17/n2616.lua
AufDemWall3Village3,Q258,,P17,n2616.lua,p17/n2616.lua
GwensMedizin,Q258,,P17,n2616.lua,p17/n2616.lua
AufDemWall5Endkampf,Q265,,P17,n2619.lua,p17/n2619.lua
DerPhoenix6Ablieferung,Q322,,P19,n2837.lua,P19/n2837.lua
DerPhoenix6Ablieferung,Q322,,P19,n2837.lua,P19/n2837.lua
DerPhoenix1Waechter,Q308,,P19,n2850.lua,P19/n2850.lua
DerPhoenix2Splitter1,Q318,,P19,n2850.lua,P19/n2850.lua
DerPhoenix2Splitter2,Q319,,P19,n2850.lua,P19/n2850.lua
DerPhoenix2Splitter3,Q2850,,P19,n2850.lua,P19/n2850.lua
DerPhoenix2Splitter4,Q2850,,P19,n2850.lua,P19/n2850.lua
Steinbrecher,Q279,,P21,n2798.lua,p21/n2798.lua
ShardAutum,Q334,,P21,n3841.lua,p21/n3841.lua
WolfUndDrache1,Q276,,P21,n2800.lua,p21/n2800.lua
WolfUndDrache2,Q277,,P21,n2800.lua,p21/n2800.lua
DerKatarakt,Q376,,P21,n2976.lua,p21/n2976.lua
Thar,Q514,,P21,n2797.lua,p21/n2797.lua
Schattenwelt2Rigour,Q512,,P21,n2797.lua,p21/n2797.lua
Schattenwelt2aRigour,Q512,,P21,n2797.lua,p21/n2797.lua
Schattenwelt2bRigour,Q514,,P21,n2797.lua,p21/n2797.lua
DurchdenSpalt2Her,Q498,,P23,n3736.lua,P23/n3736.lua
Ulather,Q499,,P23,n3736.lua,P23/n3736.lua
DurchdenSpalt1Hin,Q496,,P23,n3736.lua,P23/n3736.lua
Klingensturm2Sartarius,Q532,,P25,n3024_CutsceneSartariusDeath.lua,P25/n3024_CutsceneSartariusDeath.lua
AmraUndLea4,Q533,,P25,n2910.lua,P25/n2910.lua
AmraUndLea4,Q533,,P25,n2910.lua,P25/n2910.lua
AmraUndLea4,Q533,,P25,n2910.lua,P25/n2910.lua
AmraUndLea4,Q533,,P25,n2910.lua,P25/n2910.lua
Klingensturm1Monument,Q531,,P25,n0.lua,P25/n0.lua
NachUrgath3Archon,Q538,,P27,n4201.lua,P27/n4201.lua
NachUrgath1Elfensiedlung,Q535,,P27,n4200.lua,P27/n4200.lua
NachUrgath2Monument,Q534,,P27,n0.lua,P27/n0.lua
AtmenderWald1Waldherz,Q539,,P30,n0.lua,P30/n0.lua
AtmenderWald2Portal,Q539,,P30,n0.lua,P30/n0.lua
KreisSchluss1Tor1,Q4181,,P32,n4181.lua,p32/n4181.lua
KreisSchluss2Tor2,Q4182,,P32,n4182.lua,p32/n4182.lua
KreisSchluss2Tor3,Q4651,,P32,n4651.lua,p32/n4651.lua
KreisSchluss4Soulforger,Q542,,P32,n0.lua,p32/n0.lua
EchosBuchstabe1,Q325,,P63,n3323.lua,P63/n3323.lua
EchosBuchstabe3,Q325,,P63,n3322.lua,P63/n3322.lua
WundtinkturValdis,Q357,,P63,n2612.lua,P63/n2612.lua
EchosBuchstabe2,Q325,,P63,n3324.lua,P63/n3324.lua
Schwarzeibe,Q414,,P63,n3044.lua,P63/n3044.lua
TricksterFindFlink,Q527,,P63,n4139.lua,P63/n4139.lua
TricksterReturn,Q528,,P63,n4139.lua,P63/n4139.lua
BlutTombardTot,Q397,,P63,n2992.lua,P63/n2992.lua
BlutAdhiraTrank,Q407,,P63,n2993.lua,P63/n2993.lua
Schattenwelt1Castagir,Q417,,P63,n3156.lua,P63/n3156.lua
Schattenwelt3Manifest,Q423,,P63,n3156.lua,P63/n3156.lua
SchattenweltShadowpulse,Q530,,P63,n3156.lua,P63/n3156.lua
AmraUndLea3Sentos,Q384,,P63,n2897.lua,P63/n2897.lua
Seelenschwerter,Q110,,P63,n2896.lua,P63/n2896.lua
Seelenschwerter,Q469,,P63,n2896.lua,P63/n2896.lua
Seelenschwerter,Q469,,P63,n2896.lua,P63/n2896.lua
Drachenpanzer1,Q110,,P63,n2896.lua,P63/n2896.lua
Drachenpanzer2,Q516,,P63,n2896.lua,P63/n2896.lua
ZahnbrechersZangen,Q371,,P63,n2863.lua,P63/n2863.lua
FeineStoffe3Seide,Q413,,P63,n2861.lua,P63/n2861.lua
FeineStoffe3Seide,Q413,,P63,n2861.lua,P63/n2861.lua
FeineStoffe4Robe,Q344,,P63,n2861.lua,P63/n2861.lua
ThurgonBrief,Q344,,P63,n2861.lua,P63/n2861.lua
KlingzogsBeinlinge,Q413,,P63,n2861.lua,P63/n2861.lua
Zauberwerk1Augenglas,Q338,,P63,n2860.lua,P63/n2860.lua
Zauberwerk2Feder,Q338,,P63,n2860.lua,P63/n2860.lua
Zauberwerk3Kreide,Q340,,P63,n2860.lua,P63/n2860.lua
Zauberwerk4Robe,Q341,,P63,n2860.lua,P63/n2860.lua
SickHermit1Zirfar,Q358,,P63,n2865.lua,P63/n2865.lua
SickHermit2Locke,Q360,,P63,n2865.lua,P63/n2865.lua
EchosGoran,Q330,,P63,n2872.lua,P63/n2872.lua
Zwergendienste1Hinrik,Q489,,P63,n2578.lua,P63/n2578.lua
AngriffDerHoehlenorks,Q424,,P63,n0.lua,P63/n0.lua
EchosShinTarGuar,Q110,,P63,n0.lua,P63/n0.lua
NachGraufurtPartEnde,Q424,,P63,n3030_CutsceneSartarius.lua,P63/n3030_CutsceneSartarius.lua
NachGraufurtPartVillage,Q439,,P63,n3110.lua,P63/n3110.lua
WumpusKilled,Q606,,P101,n6333.lua,p101/n6333.lua
ImCampMitAllenGeredet,Q571,,P101,n0.lua,p101/n0.lua
HQBefreien,Q560,,P101,n0.lua,p101/n0.lua
FluechtlingeNachNorden,Q644,,P101,n0.lua,p101/n0.lua
HeldenErschaffen,Q587,,P101,n0_Outcries.lua,p101/n0_Outcries.lua
SetriusErreicht,Q32008,,P102,n32008_CutsceneSetrius.lua,P102/n32008_CutsceneSetrius.lua
DreiMagierGruolunGive,Q637,,P102,n6969.lua,P102/n6969.lua
DreiMagierGruolunSave,Q643,,P102,n6969.lua,P102/n6969.lua
DreiMagierZolowinFree,Q634,,P102,n6968.lua,P102/n6968.lua
DreiMagierZolowinGive,Q637,,P102,n6968.lua,P102/n6968.lua
DreiMagierZolowinSave,Q643,,P102,n6968.lua,P102/n6968.lua
DreiMagierRenyaGive,Q637,,P102,n6970.lua,P102/n6970.lua
DreiMagierRenyaSave,Q643,,P102,n6970.lua,P102/n6970.lua
P102Erreicht,Q569,,P102,n0.lua,P102/n0.lua
HuluErreicht,Q569,,P102,n0.lua,P102/n0.lua
JaninaBefreit,Q572,,P102,n0.lua,P102/n0.lua
QuelleVergiftet,Q572,,P102,n0.lua,P102/n0.lua
KitharLagerZerstoert,Q564,,P102,n0.lua,P102/n0.lua
RuneDunhanGenommen,Q564,,P102,n0.lua,P102/n0.lua
P103Erreicht,Q590,,P103,n0.lua,P103/n0.lua
WaldschrateKilled,Q590,,P103,n0.lua,P103/n0.lua
RuneReowysGenommen,Q593,,P103,n0.lua,P103/n0.lua
Camp1Befreit,Q580,,P104,n5645.lua,P104/n5645.lua
Camp2Befreit,Q581,,P104,n5652.lua,P104/n5652.lua
Schluesselmeisterin,Q578,,P104,n5643.lua,P104/n5643.lua
Camp3Befreit,Q582,,P104,n5659.lua,P104/n5659.lua
P104Erreicht,Q0,,P104,n0.lua,P104/n0.lua
OrklagerEinnehmen,Q578,,P104,n0.lua,P104/n0.lua
SQTiondriaSeite1Gefunden,Q704,,P104,n0.lua,P104/n0.lua
SQTiondriaSeite2Gefunden,Q704,,P104,n0.lua,P104/n0.lua
SQTiondriaSeite3Gefunden,Q704,,P104,n0.lua,P104/n0.lua
SQScaramangirKilled,Q8061,,P105,n8061.lua,P105/n8061.lua
SQTiondriaFlinkBefreit,Q698,,P105,n7287.lua,P105/n7287.lua
SQTiondriaSchatzGeteilt,Q709,,P105,n6799.lua,P105/n6799.lua
SQTiondriaSchatzBehalten,Q714,,P105,n6799.lua,P105/n6799.lua
FugisBroughtToTirganach,Q683,,P105,n7123.lua,P105/n7123.lua
SQTiondriaBuchDariusZurueck,Q702,,P105,n6803.lua,P105/n6803.lua
SQTiondriaMordfallNotSolved,Q765,,P105,n6591.lua,P105/n6591.lua
SQTiondriaMordfallNotSolved,Q765,,P105,n6591.lua,P105/n6591.lua
SQTiondriaMordfallHalfSolved,Q765,,P105,n6591.lua,P105/n6591.lua
SQTiondriaMordfallSolved,Q765,,P105,n6591.lua,P105/n6591.lua
FugisBroughtToMap,Q584,,P105,n0.lua,P105/n0.lua
SkeletonCampDestroyed,Q0,,P105,n0.lua,P105/n0.lua
SQTiondriaBuchDariusGefunden,Q608,,P105,n0.lua,P105/n0.lua
P107KarteErreicht,Q684,,P107,n0.lua,P107/n0.lua
GeistercampBesiegt,Q684,,P107,n0.lua,P107/n0.lua
AnfuehrerBesiegt,Q684,,P107,n0.lua,P107/n0.lua
MasterOfMosaic,Q6862,,P107,n6862.lua,P107/n6862.lua
RueckkehrMitWindjalf,Q612,,P108,n6304.lua,P108/n6304.lua
GuramMachtSprengung,Q291,,P108,n6200.lua,P108/n6200.lua
P108KarteErreicht,Q0,,P108,n0.lua,P108/n0.lua
WindjalfBefreit,Q772,,P108,n0.lua,P108/n0.lua
SQTiondriaSchatzGefunden,Q772,,P108,n0.lua,P108/n0.lua
WerwolfTempel1,Q653,,P109,n7236.lua,P109/n7236.lua
WerwolfTempel2,Q654,,P109,n7237.lua,P109/n7237.lua
WerwolfGesamt,Q652,,P109,n7257.lua,P109/n7257.lua
WerwolfTempel3,Q655,,P109,n7238.lua,P109/n7238.lua
P109KarteErreicht,Q0,,P109,n0.lua,P109/n0.lua
P109PortalErreicht,Q0,,P109,n0.lua,P109/n0.lua
TorZerstoert,Q693,,P109,n0.lua,P109/n0.lua
ZwergeBefreit,Q693,,P109,n0.lua,P109/n0.lua
TrollcampZerstoert,Q693,,P109,n0.lua,P109/n0.lua
SternstadtZerstoert,Q0,,P110,n0.lua,P110/n0.lua
MondstadtZerstoert,Q0,,P110,n0.lua,P110/n0.lua
SonnenstadtZerstoert,Q0,,P110,n0.lua,P110/n0.lua
P110KarteErreicht,Q0,,P110,n0.lua,P110/n0.lua
InInnenstadtGekommen,Q0,,P110,n0.lua,P110/n0.lua
GrimBesiegt,Q32018,,P110,n32018_CutsceneGrimQuestioning.lua,P110/n32018_CutsceneGrimQuestioning.lua
AlleVierFackelnAn,Q675,,P111,n0.lua,P111/n0.lua
P111KarteErreicht,Q675,,P111,n0.lua,P111/n0.lua
SchattenringBekommen,Q675,,P111,n0.lua,P111/n0.lua
WaechterGetoetet,Q675,,P111,n0.lua,P111/n0.lua
ElementBeschworen,Q675,,P111,n0.lua,P111/n0.lua
SQTiondriaObjekteEingesetzt,Q709,,P111,n7565.lua,P111/n7565.lua
FialDargTotCenwenFrei,Q697,,P113,n6673.lua,P113/n6673.lua
P113KarteErreicht,Q746,,P113,n0.lua,P113/n0.lua
Boss1Getoetet,Q746,,P113,n0.lua,P113/n0.lua
Boss2Getoetet,Q746,,P113,n0.lua,P113/n0.lua
Boss3Getoetet,Q746,,P113,n0.lua,P113/n0.lua
Boss4Getoetet,Q746,,P113,n0.lua,P113/n0.lua
P115KarteErreicht,Q7206,,P115,n7206.lua,P115/n7206.lua
Drachenstein1,Q735,,P115,n0.lua,P115/n0.lua
Drachenstein2,Q735,,P115,n0.lua,P115/n0.lua
Drachenstein3,Q735,,P115,n0.lua,P115/n0.lua
Drachenstein4,Q735,,P115,n0.lua,P115/n0.lua
Drachenstein5,Q735,,P115,n0.lua,P115/n0.lua
Drachenstein6,Q733,,P115,n0.lua,P115/n0.lua
Drachenstein7,Q733,,P115,n0.lua,P115/n0.lua
Drachenstein8,Q733,,P115,n0.lua,P115/n0.lua
Drachenstein9,Q733,,P115,n0.lua,P115/n0.lua
DracheGetoetet,Q0,,P115,n0.lua,P115/n0.lua
ColosseumRunde08Sieg,Q9,,P200,n9.lua,P200/n9.lua
ColosseumRunde07Sieg,Q8,,P200,n8.lua,P200/n8.lua
GoblinRennen,Q12,,P200,n12.lua,P200/n12.lua
ColosseumRunde09Sieg,Q10,,P200,n10.lua,P200/n10.lua
ColosseumRunde10Sieg,Q11,,P200,n11.lua,P200/n11.lua
ColosseumRunde05Sieg,Q6,,P200,n6.lua,P200/n6.lua
ColosseumRunde06Sieg,Q7,,P200,n7.lua,P200/n7.lua
ColosseumRunde04Sieg,Q5,,P200,n5.lua,P200/n5.lua
ColosseumRunde03Sieg,Q4,,P200,n4.lua,P200/n4.lua
ColosseumRunde02Sieg,Q3,,P200,n3.lua,P200/n3.lua
ColosseumRunde01Sieg,Q2,,P200,n2.lua,P200/n2.lua
Ordensritter1Befreit,Q0,,P201,n0.lua,P201/n0.lua
Ordensritter2Befreit,Q0,,P201,n0.lua,P201/n0.lua
Ordensritter3Befreit,Q0,,P201,n0.lua,P201/n0.lua
UriasBefreit,Q773,,P201,n0.lua,P201/n0.lua
InsCampGekommen,Q773,,P201,n0.lua,P201/n0.lua
CampsZerstoert,Q773,,P201,n0.lua,P201/n0.lua
RingGefunden,Q773,,P201,n0.lua,P201/n0.lua
LeutnantGesprochen,Q893,,P201,n0.lua,P201/n0.lua
ZweitenDrachenGetoetet,Q893,,P201,n0.lua,P201/n0.lua
ErstenDrachenGetoetet,Q895,,P201,n0.lua,P201/n0.lua
DrittenDrachenGetoetet,Q895,,P201,n0.lua,P201/n0.lua
ViertenDrachenGetoetet,Q834,,P201,n0.lua,P201/n0.lua
GurimLebt,Q895,,P201,n0.lua,P201/n0.lua
Seelenwesen2,Q928,,P202,n9983.lua,P202/n9983.lua
Seelenwesen1,Q928,,P202,n9982.lua,P202/n9982.lua
GnomlingBossTot,Q11268,,P202,n11268.lua,P202/n11268.lua
Seelenwesen4,Q928,,P202,n9985.lua,P202/n9985.lua
GrabmalGeoeffnet,Q0,,P202,n0.lua,P202/n0.lua
HeldenBeschworen,Q0,,P202,n0.lua,P202/n0.lua
HlStaetteBaumGepflanzt,Q827,,P202,n0.lua,P202/n0.lua
TorZurStaetteOffen,Q845,,P202,n0.lua,P202/n0.lua
WachgeistTot,Q995,,P202,n0.lua,P202/n0.lua
OpferTot,Q995,,P202,n0.lua,P202/n0.lua
OpferFreigelassen,Q996,,P202,n0.lua,P202/n0.lua
AschetaenzerTot,Q0,,P202,n0.lua,P202/n0.lua
ExtinctTuermeWeg,Q0,,P202,n0.lua,P202/n0.lua
ResistenteGargoyle1Tot,Q0,,P202,n0.lua,P202/n0.lua
Seelenwesen3,Q928,,P202,n9984.lua,P202/n9984.lua
Seelenwesen5,Q928,,P202,n9986.lua,P202/n9986.lua
UrneZuHokan,Q831,,P202,n9010.lua,P202/n9010.lua
TantaroGefunden,Q1029,,P203,n0_QuestXP.lua,p203/n0_QuestXP.lua
WasserEntgiften,Q1029,,P203,n0_QuestXP.lua,p203/n0_QuestXP.lua
ZuTarioGegangen,Q1029,,P203,n0_QuestXP.lua,p203/n0_QuestXP.lua
Geheimweg,Q8486,,P203,n8486.lua,p203/n8486.lua
DialogMitAeltestem,Q8444,,P203,n8444.lua,p203/n8444.lua
P203KarteErreicht,Q0,,P203,n0.lua,p203/n0.lua
LichkoenigTot,Q778,,P203,n0.lua,p203/n0.lua
BlockadeDurchbrochen,Q803,,P203,n0.lua,p203/n0.lua
ZerstoerungDesLagers,Q803,,P203,n0.lua,p203/n0.lua
OberstadtLinksErreicht,Q877,,P204,n8842.lua,p204/n8842.lua
OberstadtRechtsErreicht,Q940,,P204,n8846.lua,p204/n8846.lua
ArenaKampf42,Q10582,,P204,n10582.lua,p204/n10582.lua
ArenaKampf40,Q1011,,P204,n10582.lua,p204/n10582.lua
ArenaKampf38,Q1012,,P204,n10582.lua,p204/n10582.lua
ArenaKampf36,Q1012,,P204,n10582.lua,p204/n10582.lua
ArenaKampf32,Q1012,,P204,n10582.lua,p204/n10582.lua
Tor3DurchTrickGeoeffnet,Q948,,P204,n8837.lua,p204/n8837.lua
SQSethHealed,Q1022,,P204,n11175.lua,p204/n11175.lua
Tor2DurchTrickGeoeffnet,Q947,,P204,n8830.lua,p204/n8830.lua
FlinkAbgeliefert,Q811,,P204,n32322_CutsceneFlinkundAlyah.lua,p204/n32322_CutsceneFlinkundAlyah.lua
SQHaendlerFriedlich,Q11198,,P204,n11198.lua,p204/n11198.lua
SQSchutzgeldSmall,Q11198,,P204,n11198.lua,p204/n11198.lua
SQSchutzgeldLarge,Q1071,,P204,n11198.lua,p204/n11198.lua
SQSchutzgeldMedium,Q1071,,P204,n11198.lua,p204/n11198.lua
SQHaendlerFriedlich,Q1075,,P204,n11197.lua,p204/n11197.lua
SQSchutzgeldSmall,Q11197,,P204,n11197.lua,p204/n11197.lua
SQSchutzgeldLarge,Q1071,,P204,n11197.lua,p204/n11197.lua
SQSchutzgeldMedium,Q1071,,P204,n11197.lua,p204/n11197.lua
Tor1DurchTrickGeoeffnet,Q8838,,P204,n8838.lua,p204/n8838.lua
LyrioQuestGeloest,Q810,,P204,n8796.lua,p204/n8796.lua
P204KarteErreicht,Q809,,P204,n0.lua,p204/n0.lua
PalastgartenErreicht,Q809,,P204,n0.lua,p204/n0.lua
TruppenZumPortalGesandt,Q816,,P204,n0.lua,p204/n0.lua
SQBotschafterGefunden,Q1038,,P204,n0.lua,p204/n0.lua
SQBotschafterTot,Q1039,,P204,n0.lua,p204/n0.lua
SQCraigIstBotschafter,Q1064,,P204,n0.lua,p204/n0.lua
SQAuftragGescheitert,Q1064,,P204,n0.lua,p204/n0.lua
MitDryadeGesprochen,Q872,,P205,n9250.lua,P205/n9250.lua
MitDryadeGesprochen,Q872,,P205,n9250.lua,P205/n9250.lua
SmallIrfitReward,Q1045,,P205,n9250.lua,P205/n9250.lua
LargeIrfitReward,Q1045,,P205,n9250.lua,P205/n9250.lua
Nymphe3Befreit,Q9301,,P205,n9301.lua,P205/n9301.lua
Nymphe2Befreit,Q9307,,P205,n9307.lua,P205/n9307.lua
Nymphe1Befreit,Q9310,,P205,n9310.lua,P205/n9310.lua
GartenEntgiftet,Q32354,,P205,n32354_CutsceneGartenEntgiftet.lua,P205/n32354_CutsceneGartenEntgiftet.lua
P205KarteErreicht,Q810,,P205,n0.lua,P205/n0.lua
SpinnencampZerstoert,Q810,,P205,n0.lua,P205/n0.lua
AlleTrolleKommenAn,Q825,,P206,n9870.lua,P206/n9870.lua
VieleTrolleKommenAn,Q825,,P206,n9870.lua,P206/n9870.lua
WenigeTrolleKommenAn,Q825,,P206,n9870.lua,P206/n9870.lua
206KeineKarawaneDurchgebracht,Q825,,P206,n9870.lua,P206/n9870.lua
DialogMitUnterhaendler,Q821,,P206,n8800.lua,P206/n8800.lua
AlleTrolleKommenAn,Q824,,P206,n8790.lua,P206/n8790.lua
VieleTrolleKommenAn,Q824,,P206,n8790.lua,P206/n8790.lua
WenigeTrolleKommenAn,Q825,,P206,n8790.lua,P206/n8790.lua
P206KarteErreicht,Q818,,P206,n0.lua,P206/n0.lua
RastplatzGefunden,Q818,,P206,n0.lua,P206/n0.lua
FalleAusgeloest,Q822,,P206,n0.lua,P206/n0.lua
AlleinEinenWegGefunden,Q822,,P206,n0.lua,P206/n0.lua
Lager1Kaputtgemacht,Q822,,P206,n0.lua,P206/n0.lua
Lager2Kaputtgemacht,Q886,,P206,n0.lua,P206/n0.lua
KarawaneLosgelaufen,Q886,,P206,n0.lua,P206/n0.lua
P207KarteErreicht,Q891,,P207,n0_QuestXP.lua,P207/n0_QuestXP.lua
BergrieseGeholfen,Q891,,P207,n0_QuestXP.lua,P207/n0_QuestXP.lua
SprengzwergBefreit,Q891,,P207,n0_QuestXP.lua,P207/n0_QuestXP.lua
ErsteFestungBesiegt,Q891,,P207,n0_QuestXP.lua,P207/n0_QuestXP.lua
SchalterraetselGeloest,Q891,,P207,n0_QuestXP.lua,P207/n0_QuestXP.lua
ZweiteFestungBesiegt,Q891,,P207,n0_QuestXP.lua,P207/n0_QuestXP.lua
DritteFestungBesiegt,Q891,,P207,n0_QuestXP.lua,P207/n0_QuestXP.lua
VierteFestungBesiegt,Q891,,P207,n0_QuestXP.lua,P207/n0_QuestXP.lua
UndeadRohenGetoetet,Q891,,P207,n0_QuestXP.lua,P207/n0_QuestXP.lua
MasterGameWon,Q1070,,P208,n11464.lua,P208/n11464.lua
Prinzessin5Befreit ,Q848,,P208,n9496.lua,P208/n9496.lua
Prinzessin4Befreit ,Q848,,P208,n9497.lua,P208/n9497.lua
ArgamunVerwandeltSich,Q854,,P208,n9506.lua,P208/n9506.lua
Prinzessin2Befreit ,Q848,,P208,n9499.lua,P208/n9499.lua
Prinzessin3Befreit ,Q848,,P208,n9498.lua,P208/n9498.lua
Prinzessin1Befreit ,Q848,,P208,n9500.lua,P208/n9500.lua
P208MosaikDesTodes,Q11386,,P208,n11386.lua,P208/n11386.lua
Wolfcamp1Zerstoert ,Q849,,P208,n0.lua,P208/n0.lua
Wolfcamp2Zerstoert ,Q849,,P208,n0.lua,P208/n0.lua
Wolfcamp3Zerstoert ,Q849,,P208,n0.lua,P208/n0.lua
Wolfcamp4Zerstoert ,Q849,,P208,n0.lua,P208/n0.lua
Wolfcamp5Zerstoert ,Q849,,P208,n0.lua,P208/n0.lua
Wolfcamp6Zerstoert ,Q849,,P208,n0.lua,P208/n0.lua
Wolfcamp7Zerstoert ,Q849,,P208,n0.lua,P208/n0.lua
KopfloserTodVernichtet,Q849,,P208,n0.lua,P208/n0.lua
Gremlinlager1Zerstoert,Q860,,P208,n0.lua,P208/n0.lua
Gremlinlager2Zerstoert,Q0,,P208,n0.lua,P208/n0.lua
Gremlinlager3Zerstoert,Q0,,P208,n0.lua,P208/n0.lua
Gremlinlager4Zerstoert,Q0,,P208,n0.lua,P208/n0.lua
Gremlinlager5Zerstoert,Q0,,P208,n0.lua,P208/n0.lua
UruSpricht2,Q934,,P209,n6.lua,P209/n6.lua
HolyArtefact1Gefunden,Q934,,P209,n6.lua,P209/n6.lua
HolyArtefact2Gefunden,Q934,,P209,n6.lua,P209/n6.lua
XalabarInArenaBesiegt,Q934,,P209,n6.lua,P209/n6.lua
UruSpricht3,Q934,,P209,n6.lua,P209/n6.lua
UruSpricht4,Q794,,P209,n7.lua,P209/n7.lua
ZwergenMonumentClaimed,Q794,,P209,n7.lua,P209/n7.lua
LeaderNordarmeeKilled,Q794,,P209,n7.lua,P209/n7.lua
LeaderSuedarmeeKilled,Q794,,P209,n7.lua,P209/n7.lua
LeaderHauptarmeeKilled,Q794,,P209,n7.lua,P209/n7.lua
BronzerieseGetoetet,Q794,,P209,n7.lua,P209/n7.lua
UruSpricht5,Q794,,P209,n7.lua,P209/n7.lua
P209KarteErreicht,Q779,,P209,n5.lua,P209/n5.lua
UntotenlagerNord,Q779,,P209,n5.lua,P209/n5.lua
UntotenlagerSued,Q779,,P209,n5.lua,P209/n5.lua
UntotenlagerWest,Q779,,P209,n5.lua,P209/n5.lua
StadtKathaiErreicht,Q779,,P209,n5.lua,P209/n5.lua
GespraechMitKhal,Q779,,P209,n5.lua,P209/n5.lua
UruSpricht1,Q781,,P209,n5.lua,P209/n5.lua
KathaiStadtTorOffen,Q782,,P209,n5.lua,P209/n5.lua
KathaiStadtTorOffen,Q782,,P209,n5.lua,P209/n5.lua
KathaiStadtTorOffen,Q782,,P209,n5.lua,P209/n5.lua
KathaiStadtBefreit,Q785,,P209,n5.lua,P209/n5.lua
ExitDoorToP211Opened,Q9967,,P210,n9967.lua,P210/n9967.lua
Room6SpiderGateOpened,Q9783,,P210,n9783.lua,P210/n9783.lua
EntryMenhirComboCorrect,Q9120,,P210,n9120.lua,P210/n9120.lua
Room4SkeletonDoorOpened,Q9881,,P210,n9881.lua,P210/n9881.lua
SceptreOfWindsFound,Q9908,,P210,n9908.lua,P210/n9908.lua
LastChestInRoom5Opened,Q8637,,P210,n8637.lua,P210/n8637.lua
P210KarteErreicht,Q875,,P210,n0.lua,P210/n0.lua
AugenSet1Solved,Q0,,P210,n0.lua,P210/n0.lua
AugenSet2Solved,Q0,,P210,n0.lua,P210/n0.lua
AugenSet3Solved,Q0,,P210,n0.lua,P210/n0.lua
AugenSet4Solved,Q0,,P210,n0.lua,P210/n0.lua
Room2SensoSolved,Q0,,P210,n0.lua,P210/n0.lua
Room2SensoSolved,Q0,,P210,n0.lua,P210/n0.lua
Room7ChessboardCrossed,Q0,,P210,n0.lua,P210/n0.lua
Room3HeadDoorOpened,Q0,,P210,n0.lua,P210/n0.lua
TurningHeadsCrossed,Q0,,P210,n0.lua,P210/n0.lua
AirCoinPassageOpened,Q9788,,P210,n9788.lua,P210/n9788.lua
CraigBefreit,Q1063,,P211,n9801.lua,P211/n9801.lua
SchattenklingeBefreit,Q32533,,P211,n32533_CutsceneBefreiungSchattenklinge.lua,P211/n32533_CutsceneBefreiungSchattenklinge.lua
TorJenquaiGeoeffnet,Q9810,,P211,n9810.lua,P211/n9810.lua
WerwolfAbgelenkt,Q10583,,P211,n10583.lua,P211/n10583.lua
P211KarteErreicht,Q0,,P211,n0.lua,P211/n0.lua
MonumenteZwerg1Claimed,Q900,,P211,n0.lua,P211/n0.lua
MonumenteElfClaimed,Q900,,P211,n0.lua,P211/n0.lua
MonumenteZwerg2Claimed,Q900,,P211,n0.lua,P211/n0.lua
DschungelCamp1Killed,Q0,,P211,n0.lua,P211/n0.lua
DschungelCamp2Killed,Q0,,P211,n0.lua,P211/n0.lua
DschungelCamp3Killed,Q0,,P211,n0.lua,P211/n0.lua
DschungelCamp4Killed,Q0,,P211,n0.lua,P211/n0.lua
EndgegnerSoulforgerKilled,Q0,,P211,n0.lua,P211/n0.lua
CraigBefreit,Q1063,,P211,n0.lua,P211/n0.lua
Stele2Off,Q961,,P212,n10585.lua,P212/n10585.lua
Stele3Off,Q962,,P212,n10620.lua,P212/n10620.lua
Stele1Off,Q960,,P212,n10391.lua,P212/n10391.lua
Stele4Off,Q963,,P212,n10653.lua,P212/n10653.lua
Stele5Off,Q964,,P212,n10660.lua,P212/n10660.lua
Stele6Off,Q965,,P212,n10675.lua,P212/n10675.lua
P212KarteErreicht,Q956,,P212,n0.lua,P212/n0.lua
MiniforgersKilled,Q956,,P212,n0.lua,P212/n0.lua
AlleStelenOff,Q956,,P212,n0.lua,P212/n0.lua
DschungelWeisenDialog,Q10983,,P213,n10983.lua,P213/n10983.lua
P213KarteErreicht,Q956,,P213,n0.lua,P213/n0.lua
BeideMumienCampsPlatt,Q956,,P213,n0.lua,P213/n0.lua
WegZumTorFreigeraeumt,Q956,,P213,n0.lua,P213/n0.lua
NahrungFuerAffenjunge,Q1008,,P213,n10985.lua,P213/n10985.lua
BlutigenDariusBefreit,Q10986,,P213,n10986.lua,P213/n10986.lua
