Reward_Name,Platform,XP,Items,Confidence,Language,Quest_Text_From_CFF,Suggested_Quest_IDs,Quest_Descriptions
"WundtinkturValdis","P63",30,"[]",1.000,"German","Besorgt die Wundtinktur von Valdis und bringt sie zu Swerdis in Eloni","NOT_FOUND","No matching quest in database"
"Items","P63",0,"[]",1.000,"English","Sinwen Whiteleaf is looking for components of a large spellwork in the leafshade. She needs a few it","NOT_FOUND","No matching quest in database"
"Schwarzeibe","P63",35,"[]",1.000,"English","nnt Ihr irgendwo einen alten Bogen aus Schwarzeibe finden.","414;415","Ist dieser gebrochene Bogen aus dem Holz der Schwa | Ist dieser gebrochene Bogen aus dem Holz der Schwa"
"ThurgonBrief","P63",250,"[]",1.000,"German","Ich erkenne sie. Thurgon gab mir diesen Brief. Seht ihr die Anschrift?","NOT_FOUND","No matching quest in database"
"Money","P63",0,"[]",1.000,"English","Listen...since the Black Fist attacked us; looters have been prowling around here! They've robbed me","NOT_FOUND","No matching quest in database"
"WundtinkturSwerdis","P2",80,"[]",1.000,"German","Die Kinder der Elfen auf Eloni siechen dahin. Swerdis braucht eine Wundtinktur; um sie zu retten.","NOT_FOUND","No matching quest in database"
"DieGeiseln","P4",40,"[]",1.000,"German","einige von uns gefangensetzen. Als Geiseln; sollten die Schwestern aus Eloni Rache suchen!","NOT_FOUND","No matching quest in database"
"MosaikDesTodes","P16",800,"[]",1.000,"German","en Steinbild - dem Mosaik des Todes!","NOT_FOUND","No matching quest in database"
"Thar","P21",600,"[]",1.000,"English","The key point is the entrance to the mountain pass. It is advisable to await the Undead together wit","NOT_FOUND","No matching quest in database"
"DerKatarakt","P21",600,"[]",1.000,"German","Findet jemanden; der General Torns Katarakt behandeln kann","NOT_FOUND","No matching quest in database"
"ShardAutumn","P21",400,"[]",1.000,"English","Elwen; who was to carry the Shard of Autumn Twilight to safety; has been attacked by the Briarwolves","NOT_FOUND","No matching quest in database"
"Ulather","P23",800,"[]",1.000,"English","This fragment belongs to Talia; a mage who has set off to defeat the demon Ulather.","NOT_FOUND","No matching quest in database"
"QuelleVergiftet","P102",65,"[]",1.000,"German","Etwas ist in der Quelle verkeilt; was ihr Wasser vergiftet. Benutzt Tantaros Nagelstock; um es herau","NOT_FOUND","No matching quest in database"
"GoblinRennen","P200",2000,"[]",1.000,"German","Hier erlebt Ihr etwas; dass habt Ihr noch nicht gesehen! Das Rennen der schnellsten Goblins der Welt","NOT_FOUND","No matching quest in database"
"RingGefunden","P201",5000,"[]",1.000,"English","hrer der Orks erbeuten! Bring sie zu mir; sobald du sie gefunden hast!","NOT_FOUND","No matching quest in database"
"OpferTot","P202",6000,"[]",1.000,"German","Aber er hat unser Land wohl nie erreicht. Vielleicht ist auch unser Bote den Untoten zum Opfer gefal","NOT_FOUND","No matching quest in database"
"Conditions","P213",0,"[]",1.000,"English","Under those conditions; I would allow the eastern gate to be opened for you. The Lordling has crept ","NOT_FOUND","No matching quest in database"
"KlingzogsBeinlinge","P63",35,"[]",1.000,"German","Bringt Klingzogs Beinlinge nach Graufurt","NOT_FOUND","No matching quest in database"
"Steckbrief","P1",20,"[]",1.000,"German","Ist dieser Steckbrief von Euch?","NOT_FOUND","No matching quest in database"
"Traumdieb","P2",20,"[]",1.000,"German","Istur Ash; ein Gefangerer in Eloni; berichtet von Traumdieben ... Kreaturen; die von den Tr","NOT_FOUND","No matching quest in database"
"Homunculus","P15",300,"[]",1.000,"German","Homunculus...ein Abbild. Geschaffen; nicht geboren. Mein Leben entstand durch...die K","NOT_FOUND","No matching quest in database"
"Steinbrecher","P21",800,"[]",1.000,"German","Holt Uram; den Steinbrecher; von seinem Haus und sprengt mit ihm den","NOT_FOUND","No matching quest in database"
"FialDargTotCenwenFrei","P113",2000,"[]",0.960,"German","nigin Cenwen aus den Klauen des Fial Darg zu befreien; ist ein Vormarsch in die Lande des roten Impe","NOT_FOUND","No matching quest in database"
"NachGraufurtPartEnde","P63",10,"[]",0.900,"German","ckerobert werden kann. Die Wache am Portal kann die Nachricht nach Graufurt senden.","NOT_FOUND","No matching quest in database"
"SickHermit1Zirfar","P63",600,"[]",0.900,"English","Shan Muir does not want to give the Zirfar potion to you; he says that it may harm the sick hermit. ","NOT_FOUND","No matching quest in database"
"EchosShinTarGuar","P63",1000,"[]",0.900,"English","I could actually make out words. Tar; Shin and Guar!","NOT_FOUND","No matching quest in database"
"GeistInDerMine","P1",35,"[]",0.900,"German","Bei der alten Mine ging eine Erscheinung um. Es schien der Geist eines Menschen zu sein; zornig und ","NOT_FOUND","No matching quest in database"
"StaubDerSterne1","P2",20,"[]",0.900,"German","endes Sternenlicht; das magische Wasser unserer Welt; erstarrt zu vollendeten Kristallen....nennt ma","NOT_FOUND","No matching quest in database"
"StaubDerSterne2","P2",10,"[]",0.900,"German","endes Sternenlicht; das magische Wasser unserer Welt; erstarrt zu vollendeten Kristallen....nennt ma","NOT_FOUND","No matching quest in database"
"StaubDerSterne3","P2",5,"[]",0.900,"German","endes Sternenlicht; das magische Wasser unserer Welt; erstarrt zu vollendeten Kristallen....nennt ma","NOT_FOUND","No matching quest in database"
"AlterMannUndMusik","P6",45,"[]",0.900,"German","Bleibt Ihr nur bei Eurem Lagerfeuer und Euren Geschichten; alter Mann!","NOT_FOUND","No matching quest in database"
"MaskeDesBelial1","P12",300,"[]",0.900,"German","ck und zeigt Darius die Maske des Belial.","NOT_FOUND","No matching quest in database"
"MaskeDesBelial2","P12",300,"[]",0.900,"German","ck und zeigt Darius die Maske des Belial.","NOT_FOUND","No matching quest in database"
"KlagendeSteine2Korshar","P15",500,"[]",0.900,"German","Korshar befehligt seine Heere von der alten Festung in den Klagenden Steinen aus. Dort bewacht er au","NOT_FOUND","No matching quest in database"
"AmraUndLea5","P15",1200,"[]",0.900,"German","bsches Paar abgegeben; aber dann ging Lea fort; mit so einem vermummten Kerl. Und Amra war nicht meh","NOT_FOUND","No matching quest in database"
"AmraUndLea4","P7",1200,"[]",0.900,"German","bsches Paar abgegeben; aber dann ging Lea fort; mit so einem vermummten Kerl. Und Amra war nicht meh","NOT_FOUND","No matching quest in database"
"TruppenZumPortalGesandt","P204",9000,"[]",0.900,"German","Die Angriffe sind abgewehrt. Nun gilt es; die restlichen Truppen der Feinde aufzureiben und bis zum ","NOT_FOUND","No matching quest in database"
"AlleinEinenWegGefunden","P206",6500,"[]",0.900,"German","rper viele Klafter tief in die Erde...damit ich im Verborgenen ruhen kann...bis er einen Weg gefunde","NOT_FOUND","No matching quest in database"
"WegZumTorFreigeraeumt","P213",17500,"[]",0.900,"German","Rohen ist auf dem Weg zum Wildland-Pass. Sprecht mit Celen Fell; Kommandantin der Wachen. Ihr werdet","NOT_FOUND","No matching quest in database"
"AngriffDerHoehlenorks","P63",20,"[]",0.800,"German","Die Angriffe sind abgewehrt. Nun gilt es; die restlichen Truppen der Feinde aufzureiben und bis zum ","424","Folgt dem Soldaten zum Tor! Kehrt zu mir zurück; w"
"BlutAdhiraTrank","P63",4000,"[]",0.800,"German","Bringt Adhira das Blut m","NOT_FOUND","No matching quest in database"
"BlutTombardTot","P63",2000,"[]",0.800,"German","nner sind tapfer; aber es sind zu viele der wandlenden Toten dort draussen. Unser Blut wird bald im ","NOT_FOUND","No matching quest in database"
"TricksterFindFlink","P63",500,"[]",0.800,"English","Find Flink McWinter and give him the golden fragment","NOT_FOUND","No matching quest in database"
"DariusDerKarthograph","P1",25,"[]",0.800,"English","The Order of Dawn sent me. Are you the one they call Darius?","NOT_FOUND","No matching quest in database"
"EinSeltsamerRing","P1",20,"[]",0.800,"English","Bring the news to Einar","NOT_FOUND","No matching quest in database"
"Einsiedler1Shan","P1",100,"[]",0.800,"German","Nun kann der Einsiedler in Graufurt endlich den Zirfartrank erhalten. Aber vielleicht hat Shan doch ","NOT_FOUND","No matching quest in database"
"DurchDenSchattenhain","P4",130,"[]",0.800,"German","r Sie selbst (Ihren Avatar). Durch einen Linksklick werden Sie selektiert; durch einen Rechtsklick w","NOT_FOUND","No matching quest in database"
"KoenigDerSpinnen","P6",45,"[]",0.800,"German","hrt. Markwart will Rache; aber keiner will dem sagenumwobenen Meister der Spinnen zu nahe kommen.","NOT_FOUND","No matching quest in database"
"FeineStoffe1","P6",45,"[]",0.800,"English","r die Feine-Stoffe-Quest eingef","NOT_FOUND","No matching quest in database"
"InsGrauschattental1","P10",50,"[]",0.800,"German","Die Angriffe sind abgewehrt. Nun gilt es; die restlichen Truppen der Feinde aufzureiben und bis zum ","NOT_FOUND","No matching quest in database"
"InsGrauschattental2","P10",150,"[]",0.800,"German","Die Angriffe sind abgewehrt. Nun gilt es; die restlichen Truppen der Feinde aufzureiben und bis zum ","NOT_FOUND","No matching quest in database"
"InsGrauschattental3","P10",50,"[]",0.800,"German","Die Angriffe sind abgewehrt. Nun gilt es; die restlichen Truppen der Feinde aufzureiben und bis zum ","NOT_FOUND","No matching quest in database"
"InsGrauschattental4","P10",350,"[]",0.800,"German","Die Angriffe sind abgewehrt. Nun gilt es; die restlichen Truppen der Feinde aufzureiben und bis zum ","NOT_FOUND","No matching quest in database"
"AmraLeaGrab","P16",800,"[]",0.800,"English","Shan is Lea's sister; Amra's chosen one. She probably knows another part of the story.","NOT_FOUND","No matching quest in database"
"FluechtlingeNachNorden","P101",150,"[]",0.800,"German","Der Wall ist durch Verwitterung und Menschenhand begehbar geworden. Er ist der einzige Weg nach Nord","NOT_FOUND","No matching quest in database"
"KitharLagerZerstoert","P102",175,"[]",0.800,"German","Wo befindet sich das Lager der Kithar?","NOT_FOUND","No matching quest in database"
"RuneDunhanGenommen","P102",175,"[]",0.800,"English","Use the rune monument to summon Dunhan and Reowys. Then the resistance will join you in the battle f","NOT_FOUND","No matching quest in database"
"RuneReowysGenommen","P103",500,"[]",0.800,"English","Use the rune monument to summon Dunhan and Reowys. Then the resistance will join you in the battle f","NOT_FOUND","No matching quest in database"
"SkeletonCampDestroyed","P105",850,"[]",0.800,"English","Snarf's camp in the West must be destroyed. Celen wants his Dagger as proof of his defeat.","NOT_FOUND","No matching quest in database"
"RueckkehrMitWindjalf","P108",1250,"[]",0.800,"English","Where will I find Windjalf; the smith?","NOT_FOUND","No matching quest in database"
"InsCampGekommen","P201",2000,"[]",0.800,"English","The necromancer and former student Istur's has been possessed by a dream-snatcher and he has gone in","NOT_FOUND","No matching quest in database"
"ZerstoerungDesLagers","P203",24000,"[]",0.800,"German","ler Isturs ist von einem Traumdieb besessen und wahnsinnig. Nur der Tod kann ihn von dem Wesen befre","NOT_FOUND","No matching quest in database"
"ArenaKampf32","P204",5000,"[]",0.800,"German","Na habt Ihr Euch entschieden? Wagt Ihr einen Kampf in der Arena? Oder schleicht Ihr Euch feige von d","NOT_FOUND","No matching quest in database"
"ArenaKampf36","P204",7000,"[]",0.800,"German","Na habt Ihr Euch entschieden? Wagt Ihr einen Kampf in der Arena? Oder schleicht Ihr Euch feige von d","NOT_FOUND","No matching quest in database"
"ArenaKampf38","P204",10000,"[]",0.800,"German","Na habt Ihr Euch entschieden? Wagt Ihr einen Kampf in der Arena? Oder schleicht Ihr Euch feige von d","NOT_FOUND","No matching quest in database"
"ArenaKampf40","P204",12500,"[]",0.800,"German","Na habt Ihr Euch entschieden? Wagt Ihr einen Kampf in der Arena? Oder schleicht Ihr Euch feige von d","NOT_FOUND","No matching quest in database"
"ArenaKampf42","P204",15000,"[]",0.800,"German","Na habt Ihr Euch entschieden? Wagt Ihr einen Kampf in der Arena? Oder schleicht Ihr Euch feige von d","NOT_FOUND","No matching quest in database"
"MitDryadeGesprochen","P205",10000,"[]",0.800,"English","The malicious Dryade once drove the hermit into madness. He met her in Eloni and fell under her spel","NOT_FOUND","No matching quest in database"
"LargeIrfitReward","P205",13000,"[]",0.800,"English","He knows the largest deposits of dreamdust in Empyria! If I could only get him alive; I would pay an","NOT_FOUND","No matching quest in database"
"ErsteFestungBesiegt","P207",9500,"[]",0.800,"German","nderer ihr Versteck. Dorthin haben sie den Besitz von Illirias verschleppt. Findet und besiegt sie.","NOT_FOUND","No matching quest in database"
"ZweiteFestungBesiegt","P207",9500,"[]",0.800,"German","hrt die Kampfaxt wie kein Zweiter. Besiegt ihn und schlagt ihm den Kopf ab.","NOT_FOUND","No matching quest in database"
"UndeadRohenGetoetet","P207",12000,"[]",0.800,"English","The Circlemage Rohen has arrived with his Undead Guard. It seems he is not yet in possession of his ","NOT_FOUND","No matching quest in database"
"KopfloserTodVernichtet","P208",10000,"[]",0.800,"German","Der Tod Shaknars hat den Traumdieb freigesetzt. Er muss vernichtet werden; um den Obsidian zu erlang","NOT_FOUND","No matching quest in database"
"ArgamunVerwandeltSich","P208",10000,"[]",0.800,"German","Sucht die verwandelte Prinzessin; die sich im S","NOT_FOUND","No matching quest in database"
"MasterGameWon","P208",30000,"[]",0.800,"English","Environment mapping controls the mirroring and reflections in the game environment. This has an effe","NOT_FOUND","No matching quest in database"
"StadtKathaiErreicht","P209",6000,"[]",0.800,"German","Ihr habt Shal'Dun; die Hauptstadt des roten Imperiums; erreicht. Der Zugang zum Inneren der Stadt is","NOT_FOUND","No matching quest in database"
"GespraechMitKhal","P209",2000,"[]",0.800,"German","ckhalten; aber nun scheinen sie jemanden zu haben; der ihnen hilft. Jemand mit Macht und Mitteln.","NOT_FOUND","No matching quest in database"
"KathaiStadtBefreit","P209",10000,"[]",0.800,"German","mpft alleine gegen die Untoten in der Stadt. Helft ihm und befragt ihn dann zur Lage in Kathai.","NOT_FOUND","No matching quest in database"
"ZwergenMonumentClaimed","P209",2000,"[]",0.800,"English","Use this button to select the next; activated monument. Cycle through all claimed Monuments. The gam","NOT_FOUND","No matching quest in database"
"LeaderNordarmeeKilled","P209",8000,"[]",0.800,"English","The imperial troops are disciplined; but they're weak without their leaders. Defeat their leaders an","NOT_FOUND","No matching quest in database"
"LeaderSuedarmeeKilled","P209",8000,"[]",0.800,"English","The imperial troops are disciplined; but they're weak without their leaders. Defeat their leaders an","NOT_FOUND","No matching quest in database"
"LeaderHauptarmeeKilled","P209",8000,"[]",0.800,"English","The imperial troops are disciplined; but they're weak without their leaders. Defeat their leaders an","NOT_FOUND","No matching quest in database"
"MonumenteElfClaimed","P211",4000,"[]",0.800,"German","Ich diene der Rune! Ich kann Euch helfen! Gibt es in dieser Gegend noch einige der alten Monumente?","NOT_FOUND","No matching quest in database"
"AlleStelenOff","P212",20000,"[]",0.800,"English","Shan Muir does not want to give the Zirfar potion to you; he says that it may harm the sick hermit. ","NOT_FOUND","No matching quest in database"
"NahrungFuerAffenjunge","P213",10000,"[]",0.800,"German","Bringt dem Affenjungen 500 Nahrung f","NOT_FOUND","No matching quest in database"
"BlutigenDariusBefreit","P213",30000,"[]",0.800,"German","Sucht und befreit Darius","NOT_FOUND","No matching quest in database"
"AmraUndLea3Sentos","P63",500,"[]",0.720,"German","bsches Paar abgegeben; aber dann ging Lea fort; mit so einem vermummten Kerl. Und Amra war nicht meh","NOT_FOUND","No matching quest in database"
"WegNachEloni1Snarf","P1",25,"[]",0.720,"German","Rohen ist auf dem Weg zum Wildland-Pass. Sprecht mit Celen Fell; Kommandantin der Wachen. Ihr werdet","NOT_FOUND","No matching quest in database"
"WegNachEloni2Portal","P1",30,"[]",0.720,"Italian","e zum Portal nach Eloni. Ihr Versteck ist ein Lager im Westen.","NOT_FOUND","No matching quest in database"
"AusDerTiefe1Schreiber","P1",250,"[]",0.720,"German","chlich aus der Tiefe gestiegen. Er scheint verwirrt. Vielleicht wei","NOT_FOUND","No matching quest in database"
"AusDerTiefe1Buch","P1",150,"[]",0.720,"German","chlich aus der Tiefe gestiegen. Er scheint verwirrt. Vielleicht wei","NOT_FOUND","No matching quest in database"
"AusDerTiefe2Spaeher","P1",350,"[]",0.720,"German","chlich aus der Tiefe gestiegen. Er scheint verwirrt. Vielleicht wei","NOT_FOUND","No matching quest in database"
"AmraUndLea2Sentos","P6",800,"[]",0.720,"German","bsches Paar abgegeben; aber dann ging Lea fort; mit so einem vermummten Kerl. Und Amra war nicht meh","NOT_FOUND","No matching quest in database"
"KlagendeSteine1BisTor","P15",400,"[]",0.720,"German","hlen! Die Untoten bewachen das Tor zu den klagenden Steinen scharf!","NOT_FOUND","No matching quest in database"
"AufDemWall5Endkampf","P17",500,"[]",0.720,"German","ten Hof hier auf dem Wall. Wenn ihr weiter nach Norden zieht; dann beendet vorher; was ihr begonnen ","NOT_FOUND","No matching quest in database"
"EndeDesOrdens1Erreichen","P7",1500,"[]",0.720,"German","rte; dass ein Ende nahte und in jenem letzen Moment an der Schwelle des Todes; erlangte er die Volle","NOT_FOUND","No matching quest in database"
"Tor1DurchTrickGeoeffnet","P204",11000,"[]",0.720,"German","chter werden Euch nicht durchlassen. Lenkt sie entweder mit Tricks ab oder provoziert sie zum Kampf;","NOT_FOUND","No matching quest in database"
"Tor2DurchTrickGeoeffnet","P204",7000,"[]",0.720,"German","chter werden Euch nicht durchlassen. Lenkt sie entweder mit Tricks ab oder provoziert sie zum Kampf;","NOT_FOUND","No matching quest in database"
"Tor3DurchTrickGeoeffnet","P204",9000,"[]",0.720,"German","chter werden Euch nicht durchlassen. Lenkt sie entweder mit Tricks ab oder provoziert sie zum Kampf;","NOT_FOUND","No matching quest in database"
"SQCraigIstBotschafter","P204",20000,"[]",0.720,"German","Der Botschafter ist im Tempelbezirk von Empyria. Sprecht mit ihm und gebt ihm Craigs Nachricht; aber","NOT_FOUND","No matching quest in database"
"NachGraufurtPartVillage","P63",0,"[]",0.600,"English","The village Bergin is situated to the North. In the Western part; there are some knights of the orde","NOT_FOUND","No matching quest in database"
"SickHermit2Locke","P63",600,"[]",0.600,"English","Shan Muir does not want to give the Zirfar potion to you; he says that it may harm the sick hermit. ","NOT_FOUND","No matching quest in database"
"FeineStoffe3Seide","P63",400,"[]",0.600,"English","r die Feine-Stoffe-Quest eingef","NOT_FOUND","No matching quest in database"
"FeineStoffe4Robe","P63",1100,"[]",0.600,"English","r die Feine-Stoffe-Quest eingef","NOT_FOUND","No matching quest in database"
"AmraUndLea1Liannon1","P1",200,"[]",0.600,"English","Talk to Sunder in Liannon about Amra's armor","NOT_FOUND","No matching quest in database"
"AmraUndLea1Liannon2","P1",400,"[]",0.600,"English","Talk to Sunder in Liannon about Amra's armor","NOT_FOUND","No matching quest in database"
"AmraUndLea2Liannon1","P1",500,"[]",0.600,"English","Talk to Sunder in Liannon about Amra's armor","NOT_FOUND","No matching quest in database"
"AmraUndLea2Liannon2","P1",300,"[]",0.600,"English","Talk to Sunder in Liannon about Amra's armor","NOT_FOUND","No matching quest in database"
"DieLetztenSchuetzen1","P2",15,"[]",0.600,"German","Seno; dem Zahnbrecher von Graufurt; wurden auf seiner letzten Reise nach Liannon seine Zangen und Pi","NOT_FOUND","No matching quest in database"
"DieLetztenSchuetzen2","P2",15,"[]",0.600,"German","Seno; dem Zahnbrecher von Graufurt; wurden auf seiner letzten Reise nach Liannon seine Zangen und Pi","NOT_FOUND","No matching quest in database"
"DieLetztenSchuetzen3","P2",15,"[]",0.600,"German","Seno; dem Zahnbrecher von Graufurt; wurden auf seiner letzten Reise nach Liannon seine Zangen und Pi","NOT_FOUND","No matching quest in database"
"AmWildlandPass1","P6",120,"[]",0.600,"English","One of Branningan's great armies is located in The Shiel and blocking the way to Wildland Pass. The ","NOT_FOUND","No matching quest in database"
"AmWildlandPass2","P6",160,"[]",0.600,"English","One of Branningan's great armies is located in The Shiel and blocking the way to Wildland Pass. The ","NOT_FOUND","No matching quest in database"
"FeineStoffe2Miria","P10",100,"[]",0.600,"English","r die Feine-Stoffe-Quest eingef","NOT_FOUND","No matching quest in database"
"AufDemWall1Village1","P17",200,"[]",0.600,"German","ten Hof hier auf dem Wall. Wenn ihr weiter nach Norden zieht; dann beendet vorher; was ihr begonnen ","NOT_FOUND","No matching quest in database"
"AufDemWall2Village2","P17",300,"[]",0.600,"German","ten Hof hier auf dem Wall. Wenn ihr weiter nach Norden zieht; dann beendet vorher; was ihr begonnen ","NOT_FOUND","No matching quest in database"
"AufDemWall3Village3","P17",300,"[]",0.600,"German","ten Hof hier auf dem Wall. Wenn ihr weiter nach Norden zieht; dann beendet vorher; was ihr begonnen ","NOT_FOUND","No matching quest in database"
"AufDemWall4Village4","P17",300,"[]",0.600,"German","ten Hof hier auf dem Wall. Wenn ihr weiter nach Norden zieht; dann beendet vorher; was ihr begonnen ","NOT_FOUND","No matching quest in database"
"DerPhoenix1Waechter","P19",1000,"[]",0.600,"English","The Guardian has the phoenix. Before he surrenders it; he will want proof of the serious nature of y","NOT_FOUND","No matching quest in database"
"DerPhoenix6Ablieferung","P19",800,"[]",0.600,"English","The Guardian has the phoenix. Before he surrenders it; he will want proof of the serious nature of y","NOT_FOUND","No matching quest in database"
"WolfUndDrache1","P21",200,"[]",0.600,"English","I found a wolf cub about to starve to death. Too weak to move; even.","NOT_FOUND","No matching quest in database"
"WolfUndDrache2","P21",400,"[]",0.600,"English","I found a wolf cub about to starve to death. Too weak to move; even.","NOT_FOUND","No matching quest in database"
"NachUrgath1Elfensiedlung","P27",1000,"[]",0.600,"Italian","e Portal...nach Urgath!","NOT_FOUND","No matching quest in database"
"NachUrgath2Monument","P27",1400,"[]",0.600,"Italian","e Portal...nach Urgath!","NOT_FOUND","No matching quest in database"
"NachUrgath3Archon","P27",2000,"[]",0.600,"Italian","e Portal...nach Urgath!","NOT_FOUND","No matching quest in database"
"DreiMagierZolowinFree","P102",0,"[]",0.600,"German","Drei seltsame Magier werden in den Sturmfelsen von den Kithar gefangen gehalten. Die drei scheinen e","NOT_FOUND","No matching quest in database"
"DreiMagierZolowinGive","P102",55,"[]",0.600,"English","Take the stones away from Renya and Zolowin; and bring me the Crawler fetish! Then I will give you a","NOT_FOUND","No matching quest in database"
"DreiMagierGruolunGive","P102",55,"[]",0.600,"German","Drei seltsame Magier werden in den Sturmfelsen von den Kithar gefangen gehalten. Die drei scheinen e","NOT_FOUND","No matching quest in database"
"DreiMagierRenyaGive","P102",35,"[]",0.600,"English","Take the stones away from Renya and Zolowin; and bring me the Crawler fetish! Then I will give you a","NOT_FOUND","No matching quest in database"
"DreiMagierZolowinSave","P102",250,"[]",0.600,"German","Drei seltsame Magier werden in den Sturmfelsen von den Kithar gefangen gehalten. Die drei scheinen e","NOT_FOUND","No matching quest in database"
"DreiMagierGruolunSave","P102",250,"[]",0.600,"German","Drei seltsame Magier werden in den Sturmfelsen von den Kithar gefangen gehalten. Die drei scheinen e","NOT_FOUND","No matching quest in database"
"DreiMagierRenyaSave","P102",250,"[]",0.600,"German","Drei seltsame Magier werden in den Sturmfelsen von den Kithar gefangen gehalten. Die drei scheinen e","NOT_FOUND","No matching quest in database"
"FugisBroughtToTirganach","P105",450,"[]",0.600,"English","The treasure has been found. Obviously Flink's story about the 15 guards wasn't quite true. Maybe yo","NOT_FOUND","No matching quest in database"
"SQTiondriaBuchDariusGefunden","P105",300,"[]",0.600,"German","nge! Ich bin Tiondria dicht auf der Spur! Das Buch von Darius gab mir endlich den richtigen Hinweis!","NOT_FOUND","No matching quest in database"
"SQTiondriaBuchDariusZurueck","P105",400,"[]",0.600,"German","nge! Ich bin Tiondria dicht auf der Spur! Das Buch von Darius gab mir endlich den richtigen Hinweis!","NOT_FOUND","No matching quest in database"
"P109PortalErreicht","P109",350,"[]",0.600,"Italian","Aber bis Ihr das Portal dorthin erreicht; erwartet Euch noch ein harter Kampf!","NOT_FOUND","No matching quest in database"
"AlleVierFackelnAn","P111",1000,"[]",0.600,"German","Diese Arbeiter-Rune ist aktiviert. Wird sie entfernt; so verlieren Sie alle mit ihr herbeigerufenen ","NOT_FOUND","No matching quest in database"
"ColosseumRunde01Sieg","P200",7000,"[]",0.600,"German","ne des Colosseums um Eure Belohnung zu erhalten. Falls Ihr eine weitere Runde wagen wollt; fordert d","NOT_FOUND","No matching quest in database"
"ColosseumRunde02Sieg","P200",8000,"[]",0.600,"German","ne des Colosseums um Eure Belohnung zu erhalten. Falls Ihr eine weitere Runde wagen wollt; fordert d","NOT_FOUND","No matching quest in database"
"ColosseumRunde03Sieg","P200",9000,"[]",0.600,"German","ne des Colosseums um Eure Belohnung zu erhalten. Falls Ihr eine weitere Runde wagen wollt; fordert d","NOT_FOUND","No matching quest in database"
"ColosseumRunde04Sieg","P200",10000,"[]",0.600,"German","ne des Colosseums um Eure Belohnung zu erhalten. Falls Ihr eine weitere Runde wagen wollt; fordert d","NOT_FOUND","No matching quest in database"
"ColosseumRunde05Sieg","P200",12500,"[]",0.600,"German","ne des Colosseums um Eure Belohnung zu erhalten. Falls Ihr eine weitere Runde wagen wollt; fordert d","NOT_FOUND","No matching quest in database"
"ColosseumRunde06Sieg","P200",15000,"[]",0.600,"German","ne des Colosseums um Eure Belohnung zu erhalten. Falls Ihr eine weitere Runde wagen wollt; fordert d","NOT_FOUND","No matching quest in database"
"ColosseumRunde07Sieg","P200",17500,"[]",0.600,"German","ne des Colosseums um Eure Belohnung zu erhalten. Falls Ihr eine weitere Runde wagen wollt; fordert d","NOT_FOUND","No matching quest in database"
"ColosseumRunde08Sieg","P200",20500,"[]",0.600,"German","ne des Colosseums um Eure Belohnung zu erhalten. Falls Ihr eine weitere Runde wagen wollt; fordert d","NOT_FOUND","No matching quest in database"
"ColosseumRunde09Sieg","P200",25000,"[]",0.600,"German","ne des Colosseums um Eure Belohnung zu erhalten. Falls Ihr eine weitere Runde wagen wollt; fordert d","NOT_FOUND","No matching quest in database"
"ColosseumRunde10Sieg","P200",30000,"[]",0.600,"German","ne des Colosseums um Eure Belohnung zu erhalten. Falls Ihr eine weitere Runde wagen wollt; fordert d","NOT_FOUND","No matching quest in database"
"TorZurStaetteOffen","P202",10000,"[]",0.600,"German","Aber so schnell gibt sich Leonidar nicht geschlagen! Ich gebe euch noch einmal Leute mit; seht zu; d","NOT_FOUND","No matching quest in database"
"AlleTrolleKommenAn","P206",12000,"[]",0.600,"English","Der Zauberer kann ein untotes Wesen unter seine Kontrolle bringen. Verbraucht alle {[0]:3;1} Sekunde","NOT_FOUND","No matching quest in database"
"KathaiStadtTorOffen","P209",8000,"[]",0.600,"English","I am Khal; commander of the children of the forest; which you also call Kathai. This is my village a","NOT_FOUND","No matching quest in database"
"XalabarInArenaBesiegt","P209",10000,"[]",0.600,"English","Enter the arena and defeat Xalabar","NOT_FOUND","No matching quest in database"
"EntryMenhirComboCorrect","P210",3500,"[]",0.600,"English","Correct! And you could attack them from behind with your army! There is an unguarded entry to their ","NOT_FOUND","No matching quest in database"
"LastChestInRoom5Opened","P210",20000,"[]",0.600,"English","(The coin drops into the slot. The last latch pushes aside. The chest can now be opened.)","NOT_FOUND","No matching quest in database"
"AirCoinPassageOpened","P210",15000,"[]",0.600,"English","ui_item_quest_coin_air","NOT_FOUND","No matching quest in database"
"SceptreOfWindsFound","P210",20000,"[]",0.600,"English","And we must find the Sceptre of the Winds! Without it we cannot return to our people!","NOT_FOUND","No matching quest in database"
"DschungelCamp1Killed","P211",7000,"[]",0.600,"English","As soon as Seth has killed Briar; advance to the base camp.","NOT_FOUND","No matching quest in database"
"DschungelCamp2Killed","P211",7000,"[]",0.600,"English","As soon as Seth has killed Briar; advance to the base camp.","NOT_FOUND","No matching quest in database"
"DschungelCamp3Killed","P211",7000,"[]",0.600,"English","As soon as Seth has killed Briar; advance to the base camp.","NOT_FOUND","No matching quest in database"
"DschungelCamp4Killed","P211",10000,"[]",0.600,"English","As soon as Seth has killed Briar; advance to the base camp.","NOT_FOUND","No matching quest in database"
"EchosGoran","P63",700,"[]",0.500,"English","Talk to Goran about the strange words.","NOT_FOUND","No matching quest in database"
"TricksterReturn","P63",1000,"[]",0.500,"English","ui_item_quest_hadekodoll_trickster","NOT_FOUND","No matching quest in database"
"EchosBuch","P1",200,"[]",0.500,"English","QuestItem Buch des Shan Tar Guar","NOT_FOUND","No matching quest in database"
"DieFreihaendler","P2",20,"[]",0.500,"English","Talk to one of the soldiers in order to open the gate to Eloni.","NOT_FOUND","No matching quest in database"
"Marcia1","P9",150,"[]",0.500,"English","Marcia; the messenger of the order; is in Stonewell preparing the city for another attack from the U","NOT_FOUND","No matching quest in database"
"GwensMedizin","P17",600,"[]",0.500,"English","Sunder Dundrew; Gwens Father; is waiting wistfully for the medicine. It should be brought to him as ","NOT_FOUND","No matching quest in database"
"WumpusKilled","P101",550,"[]",0.500,"English","This ability permits the use of small bladed weapons that give fighters or those skilled in magic so","NOT_FOUND","No matching quest in database"
"JaninaBefreit","P102",65,"[]",0.500,"English","Bring Janina to Hulu in the camp of the Skerg in the East","NOT_FOUND","No matching quest in database"
"HuluErreicht","P102",65,"[]",0.500,"English","Bring Janina to Hulu in the camp of the Skerg in the East","NOT_FOUND","No matching quest in database"
"SetriusErreicht","P102",65,"[]",0.500,"English","Bring Janina to Setrius in the Northeast","NOT_FOUND","No matching quest in database"
"WaldschrateKilled","P103",250,"[]",0.500,"English","This ability permits the use of small bladed weapons that give fighters or those skilled in magic so","NOT_FOUND","No matching quest in database"
"GeistercampBesiegt","P107",1150,"[]",0.500,"English","Wenn Du sie besiegt hast; dann bring die Rune zu mir! Ich werde sie Meister Rohen","NOT_FOUND","No matching quest in database"
"AnfuehrerBesiegt","P107",1150,"[]",0.500,"English","Wenn Du sie besiegt hast; dann bring die Rune zu mir! Ich werde sie Meister Rohen","NOT_FOUND","No matching quest in database"
"WindjalfBefreit","P108",1150,"[]",0.500,"English","Defeat Gorg and set Windjalf free from the cave.","610;772","Windjalf! Bei Eisen und Licht; ich hätte nie gedac | Windjalf! Bei Eisen und Licht; ich hätte nie gedac"
"ZwergeBefreit","P109",550,"[]",0.500,"English","Ich bringe Kunde vom Hetman der Zwerge.","NOT_FOUND","No matching quest in database"
"TorZerstoert","P109",750,"[]",0.500,"English","ui_btn_build_troll_corpsecollector","NOT_FOUND","No matching quest in database"
"GrimBesiegt","P110",750,"[]",0.500,"English","Wenn Du sie besiegt hast; dann bring die Rune zu mir! Ich werde sie Meister Rohen","NOT_FOUND","No matching quest in database"
"ElementBeschworen","P111",600,"[]",0.500,"English","Elemental Magic is dedicated to controlling the elements fire; ice and earth. High intelligence and ","NOT_FOUND","No matching quest in database"
"DracheGetoetet","P115",5000,"[]",0.500,"English","QuestItem Drachenblut","NOT_FOUND","No matching quest in database"
"UriasBefreit","P201",8000,"[]",0.500,"English","The order warrior Urias knows more about Hokan and his myrmidons. He commands the outposts of the or","NOT_FOUND","No matching quest in database"
"CampsZerstoert","P201",15000,"[]",0.500,"English","The way to the east is being guarded by Brannigan's armies. In the North and the South; there are la","NOT_FOUND","No matching quest in database"
"GurimLebt","P201",5000,"[]",0.500,"English","Talk to Gurim in the Western part of the Blackwater Coast once again","NOT_FOUND","No matching quest in database"
"WachgeistTot","P202",4000,"[]",0.500,"English","This is where you can learn new abilities. In total; you can learn up to 10 new abilities.","NOT_FOUND","No matching quest in database"
"OpferFreigelassen","P202",6000,"[]",0.500,"English","ume seiner Opfer. Bringt es  zu mir; wenn ihr erfolgreich wart. Wenn iche s studiere; finde ich viel","NOT_FOUND","No matching quest in database"
"AschetaenzerTot","P202",12000,"[]",0.500,"English","This is where you can learn new abilities. In total; you can learn up to 10 new abilities.","NOT_FOUND","No matching quest in database"
"BlockadeDurchbrochen","P203",10000,"[]",0.500,"English","All of them! The whole army! Every knight; every esquire! They will break through the blockade in th","NOT_FOUND","No matching quest in database"
"LichkoenigTot","P203",4000,"[]",0.500,"English","This is where you can learn new abilities. In total; you can learn up to 10 new abilities.","NOT_FOUND","No matching quest in database"
"TantaroGefunden","P203",5000,"[]",0.500,"English","hrer der Orks erbeuten! Bring sie zu mir; sobald du sie gefunden hast!","NOT_FOUND","No matching quest in database"
"FlinkAbgeliefert","P204",5500,"[]",0.500,"English","Flink McWinter describes himself as a nomad; but also seems to be involved in some shady dealings. H","NOT_FOUND","No matching quest in database"
"PalastgartenErreicht","P204",10000,"[]",0.500,"English","nnt mich in den Palastgarten bringen?","NOT_FOUND","No matching quest in database"
"GartenEntgiftet","P205",10000,"[]",0.500,"English","nnt mich in den Palastgarten bringen?","NOT_FOUND","No matching quest in database"
"RastplatzGefunden","P206",4500,"[]",0.500,"English","hrer der Orks erbeuten! Bring sie zu mir; sobald du sie gefunden hast!","NOT_FOUND","No matching quest in database"
"FalleAusgeloest","P206",7000,"[]",0.500,"English","A restless shadow stalked the land near the old mine in the East of Liannon. It seems to be a warrio","NOT_FOUND","No matching quest in database"
"UntotenlagerNord","P209",9000,"[]",0.500,"English","Da qualche parte a nordovest troverai uno dei tre accampamenti nemici. Questo sembra l'ultimo accamp","NOT_FOUND","No matching quest in database"
"UntotenlagerWest","P209",9000,"[]",0.500,"English","Brannigan's old headquarters reign over the Northwest of the Forest of Shadows. It's the first hindr","NOT_FOUND","No matching quest in database"
"UntotenlagerSued","P209",9000,"[]",0.500,"English","I could see them as long as I had my ring! But they pursued me! Wherever I went! I was never safe!","NOT_FOUND","No matching quest in database"
"CraigBefreit","P211",10000,"[]",0.500,"English","Trygar claims; only Craig could know something about Amra's places of residence. If he doesn't know ","NOT_FOUND","No matching quest in database"
"MiniforgersKilled","P212",30000,"[]",0.500,"English","This ability permits the use of small bladed weapons that give fighters or those skilled in magic so","NOT_FOUND","No matching quest in database"
"HeldenErschaffen","P101",45,"[]",0.500,"Italian","ne ... Ein Portal will er erschaffen?","NOT_FOUND","No matching quest in database"
"SchattenringBekommen","P111",500,"[]",0.500,"Italian","Warum habt ihr nichts unternommen um das Portal wieder frei zu bekommen?","NOT_FOUND","No matching quest in database"
"ZahnbrechersZangen","P63",35,"[]",0.500,"German","Seno; dem Zahnbrecher von Graufurt; wurden auf seiner letzten Reise nach Liannon seine Zangen und Pi","NOT_FOUND","No matching quest in database"
"SchattenweltShadowpulse","P63",500,"[]",0.500,"German","ber die Schattenwelt. Erstaunlich!","NOT_FOUND","No matching quest in database"
"Drachenpanzer1","P63",100,"[]",0.500,"German","berleben - dann kommt wieder zu mir! Ich werde Euch einen Drachenpanzer formen!","NOT_FOUND","No matching quest in database"
"Drachenpanzer2","P63",800,"[]",0.500,"German","berleben - dann kommt wieder zu mir! Ich werde Euch einen Drachenpanzer formen!","NOT_FOUND","No matching quest in database"
"Bannwerk1","P4",60,"[]",0.500,"German","r ein Bannwerk; von dem Ihr spracht?","NOT_FOUND","No matching quest in database"
"Bannwerk2","P4",60,"[]",0.500,"German","r ein Bannwerk; von dem Ihr spracht?","NOT_FOUND","No matching quest in database"
"Erdenklinge2","P10",200,"[]",0.500,"German","Bjarnes Bart; eine Erdenklinge!","NOT_FOUND","No matching quest in database"
"Erdenklinge3","P10",400,"[]",0.500,"German","Bjarnes Bart; eine Erdenklinge!","NOT_FOUND","No matching quest in database"
"Erdenklinge4","P10",400,"[]",0.500,"German","Bjarnes Bart; eine Erdenklinge!","NOT_FOUND","No matching quest in database"
"OrklagerEinnehmen","P104",175,"[]",0.500,"German","lpeln entringen. Nun wird er wieder seinen rechten Platz einnehmen.","NOT_FOUND","No matching quest in database"
"WerwolfGesamt","P109",550,"[]",0.500,"German","Nun halten sie den gesamten Osten sowie das Dorf Gannan! Sie haben alles besetzt - selbst Eure Runen","NOT_FOUND","No matching quest in database"
"MondstadtZerstoert","P110",600,"[]",0.500,"German","Ich kenne Euer Bestreben; die Mondstadt zu vernichtetn... Ihr habt eine Macht erforscht; die der sch","NOT_FOUND","No matching quest in database"
"SonnenstadtZerstoert","P110",600,"[]",0.500,"German","ssel der Sonnenstadt. Ihr findet ihn im S","NOT_FOUND","No matching quest in database"
"Drachenstein1","P115",450,"[]",0.500,"German","Denn Euer erstes Ziel sind die Drachensteine! Sie sind die Manifestationen von  Aryns erwachender Ma","NOT_FOUND","No matching quest in database"
"Drachenstein2","P115",450,"[]",0.500,"German","Denn Euer erstes Ziel sind die Drachensteine! Sie sind die Manifestationen von  Aryns erwachender Ma","NOT_FOUND","No matching quest in database"
"Drachenstein3","P115",450,"[]",0.500,"German","Denn Euer erstes Ziel sind die Drachensteine! Sie sind die Manifestationen von  Aryns erwachender Ma","NOT_FOUND","No matching quest in database"
"Drachenstein4","P115",450,"[]",0.500,"German","Denn Euer erstes Ziel sind die Drachensteine! Sie sind die Manifestationen von  Aryns erwachender Ma","NOT_FOUND","No matching quest in database"
"Drachenstein5","P115",450,"[]",0.500,"German","Denn Euer erstes Ziel sind die Drachensteine! Sie sind die Manifestationen von  Aryns erwachender Ma","NOT_FOUND","No matching quest in database"
"Drachenstein6","P115",450,"[]",0.500,"German","Denn Euer erstes Ziel sind die Drachensteine! Sie sind die Manifestationen von  Aryns erwachender Ma","NOT_FOUND","No matching quest in database"
"Drachenstein7","P115",1000,"[]",0.500,"German","Denn Euer erstes Ziel sind die Drachensteine! Sie sind die Manifestationen von  Aryns erwachender Ma","NOT_FOUND","No matching quest in database"
"Drachenstein8","P115",1000,"[]",0.500,"German","Denn Euer erstes Ziel sind die Drachensteine! Sie sind die Manifestationen von  Aryns erwachender Ma","NOT_FOUND","No matching quest in database"
"Drachenstein9","P115",1000,"[]",0.500,"German","Denn Euer erstes Ziel sind die Drachensteine! Sie sind die Manifestationen von  Aryns erwachender Ma","NOT_FOUND","No matching quest in database"
"LeutnantGesprochen","P201",3500,"[]",0.500,"German","Weise gesprochen! Der Zirkel wurde alsbald zu einem Zentrum der Macht! Eine Gefahr; die keines der V","NOT_FOUND","No matching quest in database"
"HeldenBeschworen","P202",2000,"[]",0.500,"German","Diese Helden-Rune ist aktiviert. Wird sie entfernt; so verlieren Sie auch den entsprechenden Helden;","NOT_FOUND","No matching quest in database"
"GrabmalGeoeffnet","P202",12000,"[]",0.500,"German","Das Grabmal befindet sich in der Mitte eines Pentagramms und wird von einem Fial Darg bewacht; der v","NOT_FOUND","No matching quest in database"
"WasserEntgiften","P203",10000,"[]",0.500,"German","Farlorn hat seine Glaswaren alle zum Wassertransport herausgegeben. Im Norden von Farlorns Heim soll","NOT_FOUND","No matching quest in database"
"KarawaneLosgelaufen","P206",10300,"[]",0.500,"German","Sprecht mit Bario; dem Karawanenf","NOT_FOUND","No matching quest in database"
"BergrieseGeholfen","P207",6500,"[]",0.500,"German","llung Eurer Mission geholfen haben! Euer Auftrag hier ist beendet; Ihr k","NOT_FOUND","No matching quest in database"
"SprengzwergBefreit","P207",8500,"[]",0.500,"German","stung und befreit den Greif! Er wird seinen Weg alleine zu mir finden; wenn ihr ihn erst aus den Kla","NOT_FOUND","No matching quest in database"
"SchattenklingeBefreit","P211",10000,"[]",0.500,"German","stung und befreit den Greif! Er wird seinen Weg alleine zu mir finden; wenn ihr ihn erst aus den Kla","NOT_FOUND","No matching quest in database"
"WerwolfAbgelenkt","P211",15000,"[]",0.500,"German","Euch wird schon was einfallen! Schaut Euch in der Umgebung der Tore um; fragt ein paar Leute ... die","NOT_FOUND","No matching quest in database"
"DerPhoenix2Splitter1","P19",800,"[]",0.480,"English","The Guardian has the phoenix. Before he surrenders it; he will want proof of the serious nature of y","NOT_FOUND","No matching quest in database"
"DerPhoenix3Splitter2","P19",800,"[]",0.480,"English","The Guardian has the phoenix. Before he surrenders it; he will want proof of the serious nature of y","NOT_FOUND","No matching quest in database"
"DerPhoenix4Splitter3","P19",800,"[]",0.480,"English","The Guardian has the phoenix. Before he surrenders it; he will want proof of the serious nature of y","NOT_FOUND","No matching quest in database"
"DerPhoenix5Splitter4","P19",800,"[]",0.480,"English","The Guardian has the phoenix. Before he surrenders it; he will want proof of the serious nature of y","NOT_FOUND","No matching quest in database"
"ImCampMitAllenGeredet","P101",15,"[]",0.480,"English","This sword must have wrought many calamities! How many hosts have fallen victim to this blade?","NOT_FOUND","No matching quest in database"
"SQTiondriaFlinkBefreit","P105",250,"[]",0.480,"English","Flink McWinter is looking for a legendary land that is supposedly called Tiondria. Actually; to be m","NOT_FOUND","No matching quest in database"
"SQTiondriaSchatzGeteilt","P105",2500,"[]",0.480,"German","Da ist der Offenbarungsort von Farnhardts Schatz aus Tiondria! All das Gold; das er aus Tiondria mit","NOT_FOUND","No matching quest in database"
"SQTiondriaSchatzBehalten","P105",250,"[]",0.480,"German","Da ist der Offenbarungsort von Farnhardts Schatz aus Tiondria! All das Gold; das er aus Tiondria mit","NOT_FOUND","No matching quest in database"
"SQTiondriaSchatzGefunden","P108",550,"[]",0.480,"German","Da ist der Offenbarungsort von Farnhardts Schatz aus Tiondria! All das Gold; das er aus Tiondria mit","NOT_FOUND","No matching quest in database"
"Room6SpiderGateOpened","P210",15000,"[]",0.480,"English","The gate to the fortress is locked and cannot be opened from outside. You must provoke the undead to","NOT_FOUND","No matching quest in database"
"Room4SkeletonDoorOpened","P210",15000,"[]",0.480,"English","Brigor's fellows escaped with the sigils from Empyria to the South. Look for the sigils there; as so","NOT_FOUND","No matching quest in database"
"Room3HeadDoorOpened","P210",45000,"[]",0.480,"English","Brigor's fellows escaped with the sigils from Empyria to the South. Look for the sigils there; as so","NOT_FOUND","No matching quest in database"
"EndeDesOrdens2DreiItems","P7",1500,"[]",0.400,"English","rgr; a giant has descended from the rocks of the Southern Windwalls and is threatening the vale. He ","NOT_FOUND","No matching quest in database"
"SQTiondriaSeite1Gefunden","P104",500,"[]",0.400,"German","... ist nicht Darius; richtig! Die Kreatur muss das Buch irgendwo gefunden haben ... die Seiten sind","NOT_FOUND","No matching quest in database"
"SQTiondriaSeite2Gefunden","P104",500,"[]",0.400,"German","... ist nicht Darius; richtig! Die Kreatur muss das Buch irgendwo gefunden haben ... die Seiten sind","NOT_FOUND","No matching quest in database"
"SQTiondriaSeite3Gefunden","P104",500,"[]",0.400,"German","... ist nicht Darius; richtig! Die Kreatur muss das Buch irgendwo gefunden haben ... die Seiten sind","NOT_FOUND","No matching quest in database"
"Zauberwerk2Feder","P63",25,"[]",0.333,"English","Today; Nortander is more like a kind of loose confederation of the four surviving ruling houses. The","336","Habt Ihr den Federkiel dabei?"
"Zauberwerk4Robe","P63",120,"[]",0.333,"English","ui_item_quest_robe_03","341;343;344;347","Habt Ihr die Robe flicken lassen? | Oh; mit Tanara zu verhandeln kann durchaus anregen | Oh; mit Tanara zu verhandeln kann durchaus anregen | Hier; ich habe die Robe flicken lassen!"
"Schattenwelt1Castagir","P63",120,"[]",0.333,"English","Castagir believes that Rigour; another necromancer; knows how its power can be returned to the shado","NOT_FOUND","No matching quest in database"
"Schattenwelt3Manifest","P63",1000,"[]",0.333,"English","Bring the shadow manifest to Rigour","NOT_FOUND","No matching quest in database"
"Zwergendienste1Hinrik","P63",120,"[]",0.333,"English","Hinrik in Greyfell wants some brandy from his homeland. Find a suitable bottle and take it to him.","NOT_FOUND","No matching quest in database"
"KleineFische1","P1",10,"[]",0.333,"English","Kleiner Schmerzbringer","NOT_FOUND","No matching quest in database"
"KleineFische2","P1",10,"[]",0.333,"English","Kleiner Schmerzbringer","NOT_FOUND","No matching quest in database"
"Kopfjagd6Complete","P4",60,"[]",0.333,"English","Quest Menu - View quest related items; as well as a list of completed and unsolved quests.","NOT_FOUND","No matching quest in database"
"PurpurnesBanner2","P5",45,"[]",0.333,"English","The House of Utran in the Shiel fell through the hands of a traitor. He has kidnapped Lord Tynar's w","NOT_FOUND","No matching quest in database"
"WeisseSchatten1","P10",80,"[]",0.333,"English","Rigour; ich bringe Euch den Schattenkristall!","NOT_FOUND","No matching quest in database"
"WeisseSchatten2","P10",40,"[]",0.333,"English","Rigour; ich bringe Euch den Schattenkristall!","NOT_FOUND","No matching quest in database"
"Zwergendienste2Cronvig","P10",250,"[]",0.333,"English","Find Cronvig's eyeglasses and bring them to him.","NOT_FOUND","No matching quest in database"
"Grenzkrieg1Festung","P12",300,"[]",0.333,"English","Neu formieren! Ich will diese Festung fallen sehen! Sturm!","221","Was macht ein Kerl wie Ihr in einer Festung wie di"
"Trickster1Cassius","P15",300,"[]",0.333,"English","ui_item_quest_hadekodoll_trickster","NOT_FOUND","No matching quest in database"
"Schattenwelt4Kristall","P15",1400,"[]",0.333,"English","Wo finde ich Feuerkristalle?","NOT_FOUND","No matching quest in database"
"Schattenwelt2Rigour","P21",300,"[]",0.333,"English","Bring the shadow ring to Rigour in Farlorn's Hope","NOT_FOUND","No matching quest in database"
"Schattenwelt2aRigour","P21",400,"[]",0.333,"English","Bring the shadow ring to Rigour in Farlorn's Hope","NOT_FOUND","No matching quest in database"
"Schattenwelt2bRigour","P21",600,"[]",0.333,"English","Bring the shadow ring to Rigour in Farlorn's Hope","NOT_FOUND","No matching quest in database"
"Klingensturm1Monument","P25",1000,"[]",0.333,"English","This Hero Rune can be used on a Hero Monument to summon a hero. To remove it from the Runeboard; the","NOT_FOUND","No matching quest in database"
"Klingensturm2Sartarius","P25",2600,"[]",0.333,"English","Go back to Greyfell and speak to Sartarius.","NOT_FOUND","No matching quest in database"
"HQBefreien","P101",150,"[]",0.333,"English","sst ihn finden und befreien.","NOT_FOUND","No matching quest in database"
"P103Erreicht","P103",75,"[]",0.333,"English","QuestItem Zweite Rune (P103)","NOT_FOUND","No matching quest in database"
"Camp1Befreit","P104",200,"[]",0.333,"English","The camp that is close to the lake could be defended even better. It won't be an easy battle; but pe","NOT_FOUND","No matching quest in database"
"Camp2Befreit","P104",200,"[]",0.333,"English","The camp that is close to the lake could be defended even better. It won't be an easy battle; but pe","NOT_FOUND","No matching quest in database"
"Camp3Befreit","P104",200,"[]",0.333,"English","The camp that is close to the lake could be defended even better. It won't be an easy battle; but pe","NOT_FOUND","No matching quest in database"
"GuramMachtSprengung","P108",550,"[]",0.333,"English","Ich habe seinen Schlafplatz ausfindig gemacht.","NOT_FOUND","No matching quest in database"
"MasterOfMosaic","P108",2000,"[]",0.333,"English","Heavy Combat Art is the ability to master large and powerful weapons and wear heavy armor and shield","NOT_FOUND","No matching quest in database"
"WerwolfTempel1","P109",350,"[]",0.333,"English","Wo finde ich die Tempelanlagen?","NOT_FOUND","No matching quest in database"
"WerwolfTempel2","P109",350,"[]",0.333,"English","Wo finde ich die Tempelanlagen?","NOT_FOUND","No matching quest in database"
"WerwolfTempel3","P109",350,"[]",0.333,"English","Wo finde ich die Tempelanlagen?","NOT_FOUND","No matching quest in database"
"ErstenDrachenGetoetet","P201",5000,"[]",0.333,"English","QuestItem Drachenblut","NOT_FOUND","No matching quest in database"
"ZweitenDrachenGetoetet","P201",5000,"[]",0.333,"English","QuestItem Drachenblut","NOT_FOUND","No matching quest in database"
"DrittenDrachenGetoetet","P201",5000,"[]",0.333,"English","QuestItem Drachenblut","NOT_FOUND","No matching quest in database"
"ViertenDrachenGetoetet","P201",5000,"[]",0.333,"English","QuestItem Drachenblut","NOT_FOUND","No matching quest in database"
"UrneZuHokan","P202",16000,"[]",0.333,"English","The Mask of Belial has to be taken from the Destroyer. Only the Mask will help Hokan in his misery.","NOT_FOUND","No matching quest in database"
"GnomlingBossTot","P202",8000,"[]",0.333,"English","This is where you can learn new abilities. In total; you can learn up to 10 new abilities.","NOT_FOUND","No matching quest in database"
"ExtinctTuermeWeg","P202",10000,"[]",0.333,"English","swego krasnoludzkiego towarzysza.","NOT_FOUND","No matching quest in database"
"DialogMitAeltestem","P203",6000,"[]",0.333,"English","This ability permits the use of blunt weapons with the highest possible destructive power. The weapo","NOT_FOUND","No matching quest in database"
"ZuTarioGegangen","P203",7000,"[]",0.333,"English","Usa questo pulsante per aprire l'inventario del tuo Avatar.","NOT_FOUND","No matching quest in database"
"OberstadtRechtsErreicht","P204",6500,"[]",0.333,"English","Sie haben die Queste 'Die verschollene Rune' erhalten. Wenn Sie die Queste anklicken; erscheinen rec","NOT_FOUND","No matching quest in database"
"OberstadtLinksErreicht","P204",6500,"[]",0.333,"English","Darius is now willing to release Flink. Open Flinks cell with the key Darius gave you.","NOT_FOUND","No matching quest in database"
"LyrioQuestGeloest","P204",6000,"[]",0.333,"English","ui_item_quest_ring_iron","NOT_FOUND","No matching quest in database"
"IshtarTraumstabGebracht","P204",4000,"[]",0.333,"English","Ishtar is worried because of the people who illegally deal with Dreamdust. You have his permission t","NOT_FOUND","No matching quest in database"
"Nymphe1Befreit","P205",6000,"[]",0.333,"English","The nymphets that the Dryads sent out were attacked and scattered around by spider creatures. Look f","NOT_FOUND","No matching quest in database"
"Nymphe2Befreit","P205",6000,"[]",0.333,"English","The nymphets that the Dryads sent out were attacked and scattered around by spider creatures. Look f","NOT_FOUND","No matching quest in database"
"Nymphe3Befreit","P205",6000,"[]",0.333,"English","The nymphets that the Dryads sent out were attacked and scattered around by spider creatures. Look f","NOT_FOUND","No matching quest in database"
"SmallIrfitReward","P205",5000,"[]",0.333,"English","This ability permits the use of small bladed weapons that give fighters or those skilled in magic so","NOT_FOUND","No matching quest in database"
"DialogMitUnterhaendler","P206",7000,"[]",0.333,"English","This ability permits the use of blunt weapons with the highest possible destructive power. The weapo","NOT_FOUND","No matching quest in database"
"Lager1Kaputtgemacht","P206",7000,"[]",0.333,"English","Gesagt; getan. Ich lasse ein paar Sachen in euer Lager bringen.","NOT_FOUND","No matching quest in database"
"Lager2Kaputtgemacht","P206",7000,"[]",0.333,"English","Gesagt; getan. Ich lasse ein paar Sachen in euer Lager bringen.","NOT_FOUND","No matching quest in database"
"DritteFestungBesiegt","P207",9500,"[]",0.333,"English","Wenn Du sie besiegt hast; dann bring die Rune zu mir! Ich werde sie Meister Rohen","NOT_FOUND","No matching quest in database"
"VierteFestungBesiegt","P207",9500,"[]",0.333,"English","Wenn Du sie besiegt hast; dann bring die Rune zu mir! Ich werde sie Meister Rohen","NOT_FOUND","No matching quest in database"
"Prinzessin1Befreit","P208",3000,"[]",0.333,"English","e bringen; Prinzessin. Sollte es mein Volk noch geben; wenn ich dort ankomme ...","NOT_FOUND","No matching quest in database"
"Prinzessin2Befreit","P208",3000,"[]",0.333,"English","e bringen; Prinzessin. Sollte es mein Volk noch geben; wenn ich dort ankomme ...","NOT_FOUND","No matching quest in database"
"Prinzessin3Befreit","P208",3000,"[]",0.333,"English","e bringen; Prinzessin. Sollte es mein Volk noch geben; wenn ich dort ankomme ...","NOT_FOUND","No matching quest in database"
"Prinzessin4Befreit","P208",3000,"[]",0.333,"English","e bringen; Prinzessin. Sollte es mein Volk noch geben; wenn ich dort ankomme ...","NOT_FOUND","No matching quest in database"
"Prinzessin5Befreit","P208",3000,"[]",0.333,"English","e bringen; Prinzessin. Sollte es mein Volk noch geben; wenn ich dort ankomme ...","NOT_FOUND","No matching quest in database"
"UruSpricht1","P209",2000,"[]",0.333,"English","(The dead minotaurus has his eyes rolled back into his head and dry foam around his mouth. It seems ","NOT_FOUND","No matching quest in database"
"UruSpricht2","P209",2000,"[]",0.333,"English","(The dead minotaurus has his eyes rolled back into his head and dry foam around his mouth. It seems ","NOT_FOUND","No matching quest in database"
"UruSpricht3","P209",2000,"[]",0.333,"English","(The dead minotaurus has his eyes rolled back into his head and dry foam around his mouth. It seems ","NOT_FOUND","No matching quest in database"
"UruSpricht4","P209",2000,"[]",0.333,"English","(The dead minotaurus has his eyes rolled back into his head and dry foam around his mouth. It seems ","NOT_FOUND","No matching quest in database"
"UruSpricht5","P209",2000,"[]",0.333,"English","(The dead minotaurus has his eyes rolled back into his head and dry foam around his mouth. It seems ","NOT_FOUND","No matching quest in database"
"TurningHeadsCrossed","P210",10000,"[]",0.333,"English","The spirits of Udwins men are returning to the face of the land near an old mine in Liannon. With th","NOT_FOUND","No matching quest in database"
"TorJenquaiGeoeffnet","P211",6500,"[]",0.333,"English","ui_btn_build_troll_corpsecollector","NOT_FOUND","No matching quest in database"
"EndgegnerSoulforgerKilled","P211",15000,"[]",0.333,"English","This ability permits the use of small bladed weapons that give fighters or those skilled in magic so","NOT_FOUND","No matching quest in database"
"Stele1Off","P212",7000,"[]",0.333,"English","The Nightglow is a special ring that offers good portection against magic. It is particularly useful","NOT_FOUND","No matching quest in database"
"Stele2Off","P212",7000,"[]",0.333,"English","The Nightglow is a special ring that offers good portection against magic. It is particularly useful","NOT_FOUND","No matching quest in database"
"Stele3Off","P212",7000,"[]",0.333,"English","The Nightglow is a special ring that offers good portection against magic. It is particularly useful","NOT_FOUND","No matching quest in database"
"Stele4Off","P212",7000,"[]",0.333,"English","The Nightglow is a special ring that offers good portection against magic. It is particularly useful","NOT_FOUND","No matching quest in database"
"Stele5Off","P212",7000,"[]",0.333,"English","The Nightglow is a special ring that offers good portection against magic. It is particularly useful","NOT_FOUND","No matching quest in database"
"Stele6Off","P212",7000,"[]",0.333,"English","The Nightglow is a special ring that offers good portection against magic. It is particularly useful","NOT_FOUND","No matching quest in database"
"DschungelWeisenDialog","P213",8000,"[]",0.333,"English","Many characters have dialogues and orders that concern the main quest; other characters are only imp","NOT_FOUND","No matching quest in database"
"P102Erreicht","P102",30,"[]",0.333,"Italian","Aber bis Ihr das Portal dorthin erreicht; erwartet Euch noch ein harter Kampf!","NOT_FOUND","No matching quest in database"
"P104Erreicht","P104",125,"[]",0.333,"Italian","Aber bis Ihr das Portal dorthin erreicht; erwartet Euch noch ein harter Kampf!","NOT_FOUND","No matching quest in database"
"EchosBuchstabe1","P63",500,"[]",0.333,"Spanish","Las sospechosas son Lithere y Baetha. Ambas pertenecen a la Orden de Aryn.","NOT_FOUND","No matching quest in database"
"EchosBuchstabe2","P63",500,"[]",0.333,"Spanish","Las sospechosas son Lithere y Baetha. Ambas pertenecen a la Orden de Aryn.","NOT_FOUND","No matching quest in database"
"EchosBuchstabe3","P63",500,"[]",0.333,"Spanish","Las sospechosas son Lithere y Baetha. Ambas pertenecen a la Orden de Aryn.","NOT_FOUND","No matching quest in database"
"Zauberwerk1Augenglas","P63",10,"[]",0.333,"German","tigt ihr die Kristalle? Wollt ihr Zauberwerk damit wirken?","NOT_FOUND","No matching quest in database"
"Zauberwerk3Kreide","P63",35,"[]",0.333,"German","rerkreide zu besorgen. Diese spezielle Kreide wird nur von Orkschamanen hergestellt. Gabar ist hilfl","339","Habt Ihr die Beschwörerkreide gefunden?"
"InInnenstadtGekommen","P110",700,"[]",0.333,"German","ft; ist der Moment gekommen; ihm das vergiftete Fleisch unterzuschieben. Es muss nur schnell gescheh","NOT_FOUND","No matching quest in database"
"Ordensritter1Befreit","P201",4000,"[]",0.333,"German","t; Ordensritter. Was tragt Ihr da in der Hand?","NOT_FOUND","No matching quest in database"
"Ordensritter2Befreit","P201",4000,"[]",0.333,"German","t; Ordensritter. Was tragt Ihr da in der Hand?","NOT_FOUND","No matching quest in database"
"Ordensritter3Befreit","P201",4000,"[]",0.333,"German","t; Ordensritter. Was tragt Ihr da in der Hand?","NOT_FOUND","No matching quest in database"
"BefreiungShiel1Alfalas","P1",60,"[]",0.250,"English","ui_item_quest_dwarfshield_burst","NOT_FOUND","No matching quest in database"
"Kopfjagd1Head1","P4",15,"[]",0.250,"English","ui_item_quest_head_02","NOT_FOUND","No matching quest in database"
"Kopfjagd2Head2","P4",15,"[]",0.250,"English","ui_item_quest_head_02","NOT_FOUND","No matching quest in database"
"Kopfjagd3Head3","P4",15,"[]",0.250,"English","ui_item_quest_head_02","NOT_FOUND","No matching quest in database"
"Kopfjagd4Head4","P4",15,"[]",0.250,"English","ui_item_quest_head_02","NOT_FOUND","No matching quest in database"
"Kopfjagd5Head5","P4",15,"[]",0.250,"English","ui_item_quest_head_02","NOT_FOUND","No matching quest in database"
"BefreiungShiel1Kommandant","P5",40,"[]",0.250,"English","ui_item_quest_dwarfshield_burst","NOT_FOUND","No matching quest in database"
"BefreiungShiel2Dryaden","P5",140,"[]",0.250,"English","ui_item_quest_dwarfshield_burst","NOT_FOUND","No matching quest in database"
"PurpurnesBanner1Kettchen","P5",35,"[]",0.250,"English","The House of Utran in the Shiel fell through the hands of a traitor. He has kidnapped Lord Tynar's w","NOT_FOUND","No matching quest in database"
"FluesterndeStadt4Endkampf","P16",450,"[]",0.250,"English","sste dieser ehemalige Stadtkern im Norden der Insel zu finden sein!","NOT_FOUND","No matching quest in database"
"FluesterndeStadt5Maske","P16",350,"[]",0.250,"English","Bring mir die Maske! Du hast meine Pl","NOT_FOUND","No matching quest in database"
"DurchdenSpalt1Hin","P23",1300,"[]",0.250,"English","Brannigan's old headquarters reign over the Northwest of the Forest of Shadows. It's the first hindr","NOT_FOUND","No matching quest in database"
"DurchdenSpalt2Her","P23",1300,"[]",0.250,"English","ui_item_quest_feather_01","NOT_FOUND","No matching quest in database"
"AtmenderWald2Portal","P30",3000,"[]",0.250,"English","Are you sure that you want to enter this portal?","NOT_FOUND","No matching quest in database"
"KreisSchluss4Soulforger","P32",10000,"[]",0.250,"English","By killing the soulforger! He his the most powerful being I ever created. He forged the iron men fro","NOT_FOUND","No matching quest in database"
"FugisBroughtToMap","P105",175,"[]",0.250,"English","ui_item_quest_map_01","NOT_FOUND","No matching quest in database"
"SQScaramangirKilled","P105",1500,"[]",0.250,"English","This ability permits the use of small bladed weapons that give fighters or those skilled in magic so","NOT_FOUND","No matching quest in database"
"ResistenteGargoyle1Tot","P202",10000,"[]",0.250,"English","This is where you can learn new abilities. In total; you can learn up to 10 new abilities.","NOT_FOUND","No matching quest in database"
"SQSethHealed","P204",5000,"[]",0.250,"English","As soon as Seth has killed Briar; advance to the base camp.","NOT_FOUND","No matching quest in database"
"SQBotschafterGefunden","P204",5000,"[]",0.250,"English","hrer der Orks erbeuten! Bring sie zu mir; sobald du sie gefunden hast!","NOT_FOUND","No matching quest in database"
"SQBotschafterTot","P204",10000,"[]",0.250,"English","This is where you can learn new abilities. In total; you can learn up to 10 new abilities.","NOT_FOUND","No matching quest in database"
"SQSchutzgeldSmall","P204",6000,"[]",0.250,"English","This ability permits the use of small bladed weapons that give fighters or those skilled in magic so","NOT_FOUND","No matching quest in database"
"SQSchutzgeldMedium","P204",12000,"[]",0.250,"English","With the small headquarters; you can support a maximum of thirty combat units. Medium-sized or large","NOT_FOUND","No matching quest in database"
"SQSchutzgeldLarge","P204",18000,"[]",0.250,"English","Sinwen Whiteleaf is looking for components of a large spellwork in the leafshade. She needs a few it","NOT_FOUND","No matching quest in database"
"VieleTrolleKommenAn","P206",7000,"[]",0.250,"English","I wouldn't stop you; but the trail there is controlled by the Goblin hordes. We had to give up the P","NOT_FOUND","No matching quest in database"
"WenigeTrolleKommenAn","P206",3000,"[]",0.250,"English","I wouldn't stop you; but the trail there is controlled by the Goblin hordes. We had to give up the P","NOT_FOUND","No matching quest in database"
"HolyArtefact1Gefunden","P209",4000,"[]",0.250,"English","The guardian in Mulandir is demanding the four fragments of a magical glass artefact before he will ","NOT_FOUND","No matching quest in database"
"HolyArtefact2Gefunden","P209",4000,"[]",0.250,"English","The guardian in Mulandir is demanding the four fragments of a magical glass artefact before he will ","NOT_FOUND","No matching quest in database"
"P210KarteErreicht","P210",5000,"[]",0.250,"English","SchatzkisteP210_SidequestKey_AO2","NOT_FOUND","No matching quest in database"
"AugenSet1Solved","P210",3500,"[]",0.250,"English","Give word to Lian; as soon as the way to the settlement is safe for them. She will then lead her gro","NOT_FOUND","No matching quest in database"
"AugenSet2Solved","P210",3500,"[]",0.250,"English","Give word to Lian; as soon as the way to the settlement is safe for them. She will then lead her gro","NOT_FOUND","No matching quest in database"
"AugenSet3Solved","P210",3500,"[]",0.250,"English","Give word to Lian; as soon as the way to the settlement is safe for them. She will then lead her gro","NOT_FOUND","No matching quest in database"
"AugenSet4Solved","P210",3500,"[]",0.250,"English","Give word to Lian; as soon as the way to the settlement is safe for them. She will then lead her gro","NOT_FOUND","No matching quest in database"
"Room2SensoSolved","P210",14000,"[]",0.250,"English","Quest Menu - View quest related items; as well as a list of completed and unsolved quests.","NOT_FOUND","No matching quest in database"
"Room7ChessboardCrossed","P210",15000,"[]",0.250,"English","Here; somewhere in the ruinous rests of the once mightiful halls; Korshar the bonecrusher is waiting","NOT_FOUND","No matching quest in database"
"MonumenteZwerg1Claimed","P211",4000,"[]",0.250,"English","Ich bringe Kunde vom Hetman der Zwerge.","NOT_FOUND","No matching quest in database"
"MonumenteZwerg2Claimed","P211",4000,"[]",0.250,"English","Ich bringe Kunde vom Hetman der Zwerge.","NOT_FOUND","No matching quest in database"
"BeideMumienCampsPlatt","P213",15000,"[]",0.250,"English","The way to the east is being guarded by Brannigan's armies. In the North and the South; there are la","NOT_FOUND","No matching quest in database"
"P107KarteErreicht","P107",275,"[]",0.250,"Italian","Aber bis Ihr das Portal dorthin erreicht; erwartet Euch noch ein harter Kampf!","NOT_FOUND","No matching quest in database"
"P108KarteErreicht","P108",350,"[]",0.250,"Italian","Aber bis Ihr das Portal dorthin erreicht; erwartet Euch noch ein harter Kampf!","NOT_FOUND","No matching quest in database"
"P109KarteErreicht","P109",350,"[]",0.250,"Italian","Aber bis Ihr das Portal dorthin erreicht; erwartet Euch noch ein harter Kampf!","NOT_FOUND","No matching quest in database"
"P110KarteErreicht","P110",350,"[]",0.250,"Italian","Aber bis Ihr das Portal dorthin erreicht; erwartet Euch noch ein harter Kampf!","NOT_FOUND","No matching quest in database"
"P111KarteErreicht","P111",350,"[]",0.250,"Italian","Aber bis Ihr das Portal dorthin erreicht; erwartet Euch noch ein harter Kampf!","NOT_FOUND","No matching quest in database"
"P113KarteErreicht","P113",350,"[]",0.250,"Italian","Aber bis Ihr das Portal dorthin erreicht; erwartet Euch noch ein harter Kampf!","NOT_FOUND","No matching quest in database"
"P115KarteErreicht","P115",400,"[]",0.250,"Italian","Aber bis Ihr das Portal dorthin erreicht; erwartet Euch noch ein harter Kampf!","NOT_FOUND","No matching quest in database"
"P203KarteErreicht","P203",1500,"[]",0.250,"Italian","Aber bis Ihr das Portal dorthin erreicht; erwartet Euch noch ein harter Kampf!","NOT_FOUND","No matching quest in database"
"P204KarteErreicht","P204",3000,"[]",0.250,"Italian","Aber bis Ihr das Portal dorthin erreicht; erwartet Euch noch ein harter Kampf!","NOT_FOUND","No matching quest in database"
"P205KarteErreicht","P205",5000,"[]",0.250,"Italian","Aber bis Ihr das Portal dorthin erreicht; erwartet Euch noch ein harter Kampf!","NOT_FOUND","No matching quest in database"
"P206KarteErreicht","P206",5000,"[]",0.250,"Italian","Aber bis Ihr das Portal dorthin erreicht; erwartet Euch noch ein harter Kampf!","NOT_FOUND","No matching quest in database"
"P207KarteErreicht","P207",4500,"[]",0.250,"Italian","Aber bis Ihr das Portal dorthin erreicht; erwartet Euch noch ein harter Kampf!","NOT_FOUND","No matching quest in database"
"P208KarteErreicht","P208",5000,"[]",0.250,"Italian","Aber bis Ihr das Portal dorthin erreicht; erwartet Euch noch ein harter Kampf!","NOT_FOUND","No matching quest in database"
"P209KarteErreicht","P209",5000,"[]",0.250,"Italian","Aber bis Ihr das Portal dorthin erreicht; erwartet Euch noch ein harter Kampf!","NOT_FOUND","No matching quest in database"
"P211KarteErreicht","P211",5000,"[]",0.250,"Italian","Aber bis Ihr das Portal dorthin erreicht; erwartet Euch noch ein harter Kampf!","NOT_FOUND","No matching quest in database"
"P212KarteErreicht","P212",5000,"[]",0.250,"Italian","Aber bis Ihr das Portal dorthin erreicht; erwartet Euch noch ein harter Kampf!","NOT_FOUND","No matching quest in database"
"P213KarteErreicht","P213",5000,"[]",0.250,"Italian","Aber bis Ihr das Portal dorthin erreicht; erwartet Euch noch ein harter Kampf!","NOT_FOUND","No matching quest in database"
"SchlachtUmBrunnenfels1","P9",100,"[]",0.250,"German","Sucht Marcia in Brunnenfels auf","NOT_FOUND","No matching quest in database"
"SchlachtUmBrunnenfels2","P9",150,"[]",0.250,"German","Sucht Marcia in Brunnenfels auf","NOT_FOUND","No matching quest in database"
"SchlachtUmBrunnenfels2a","P9",150,"[]",0.250,"German","Sucht Marcia in Brunnenfels auf","NOT_FOUND","No matching quest in database"
"AtmenderWald1Waldherz","P30",2000,"[]",0.250,"German","Das alte Hauptquartier Brannigans beherrscht den Nordwesten des Schattenwaldes. Es ist das erste Hin","NOT_FOUND","No matching quest in database"
"HlStaetteBaumGepflanzt","P202",10000,"[]",0.250,"German","chter wird ihn also verteidigen. Der Splitter ist unterhalb eines Steines in der Mitte des Baumrunds","NOT_FOUND","No matching quest in database"
"SQHaendlerFriedlich","P204",10000,"[]",0.250,"German","re scheinen die friedlichere der beiden Parteien zu sein. Von ihnen ist eher Hilfe zu erwarten.","NOT_FOUND","No matching quest in database"
"SQAuftragGescheitert","P204",3000,"[]",0.250,"German","Durch das Westtor. Im Auftrag des Ordens von Greyfell.","NOT_FOUND","No matching quest in database"
"FluesterndeStadt1Item1","P16",250,"[]",0.200,"English","ui_item_quest_ring_iron","NOT_FOUND","No matching quest in database"
"FluesterndeStadt2Item2","P16",250,"[]",0.200,"English","ui_item_quest_ring_iron","NOT_FOUND","No matching quest in database"
"FluesterndeStadt3Item3","P16",250,"[]",0.200,"English","ui_item_quest_ring_iron","NOT_FOUND","No matching quest in database"
"KreisSchluss1Tor1","P32",2000,"[]",0.200,"English","ui_btn_build_troll_corpsecollector","NOT_FOUND","No matching quest in database"
"KreisSchluss2Tor2","P32",2000,"[]",0.200,"English","ui_btn_build_troll_corpsecollector","NOT_FOUND","No matching quest in database"
"KreisSchluss3Tor3","P32",2000,"[]",0.200,"English","ui_btn_build_troll_corpsecollector","NOT_FOUND","No matching quest in database"
"SQTiondriaMordfallSolved","P105",1300,"[]",0.200,"English","Quest Menu - View quest related items; as well as a list of completed and unsolved quests.","NOT_FOUND","No matching quest in database"
"SQTiondriaObjekteEingesetzt","P111",350,"[]",0.200,"English","To the Firefangs! I'm hot on the trail of Tiondria! Darius's book finally gave me the right clue!","NOT_FOUND","No matching quest in database"
"SQTiondriaMordfallHalfSolved","P105",750,"[]",0.167,"English","ui_item_quest_ring_shadow_half_01","NOT_FOUND","No matching quest in database"
"SQTiondriaMordfallNotSolved","P105",100,"[]",0.167,"English","Another ring for Ortah's collection","NOT_FOUND","No matching quest in database"
"ExitDoorToP211Opened","P210",25000,"[]",0.167,"English","ui_item_quest_hadekodoll_doorkeeper","NOT_FOUND","No matching quest in database"
