Quest_ID,Quest_Name,Platform,Description_Preview,Reward_Match_Here
138,"Quest 138","P10","Grüße; Mensch!",
139,"Quest 139","P10","",
141,"Quest 141","P10","Dringende Geschäfte führen mich nach Osten!",
143,"Quest 143","P10","",
144,"Quest 144","P10","Wer seid Ihr? Was wollt Ihr? Hat Euch mein Vater geschickt?",
145,"Quest 145","P10","Ah; Ihr seid es!",
146,"Quest 146","P10","Mit Euresgleichen habe ich nichts mehr zu schaffen; Mensch.",
147,"Quest 147","P10","Dringende Geschäfte führen mich nach Osten!",
148,"Quest 148","P10","",
150,"Quest 150","P10","Was ist der Schwertfels?",
151,"Quest 151","P10","Grüße!",
152,"Quest 152","P10","",
153,"Quest 153","P10","",
154,"Quest 154","P10","",
155,"Quest 155","P10","",
156,"Quest 156","P10","Ah; Ihr wieder!",
157,"Quest 157","P10","Man sagt; ein Riese stiehlt Euer Vieh?",
158,"Quest 158","P10","Hörgr schlaaaaafen...",
159,"Quest 159","P10","",
161,"Quest 161","P10","",
162,"Quest 162","P10","",
163,"Quest 163","P10","",
164,"Quest 164","P10","(Tanar; der Wolfsvater; hat etwas aus dem Boden gescharrt. Er legt es in Eure Ha",
165,"Quest 165","P10","(Tanar schiebt das Welpe mit der Schnauze zu seiner Mutter; und stellt sich dann",
166,"Quest 166","P10","Seid Ihr an diesem Metall interessiert?",
170,"Quest 170","P10","Glück auf!",
171,"Quest 171","P10","Seid Ihr an diesem Metall interessiert?",
177,"Quest 177","P10","",
178,"Quest 178","P10","",
179,"Quest 179","P10","Ihr braut noch mehr als Bier?",
180,"Quest 180","P10","Ihr braut noch mehr als Bier?",
181,"Quest 181","P10","Glück auf!",
472,"Quest 472","P10","Mit Euresgleichen habe ich nichts mehr zu schaffen; Mensch.",
479,"Quest 479","P10","",
480,"Quest 480","P10","",
481,"Quest 481","P10","Willkommen zurück!",
487,"Quest 487","P10","",
488,"Quest 488","P10","Diese Gläser hier fand ich in einer Kiste auf Liannon!",
495,"Quest 495","P10","Nein; das sind sie nicht! Bitte; sucht weiter!",
560,"Quest 560","P102","",
561,"Quest 561","P102","",
562,"Quest 562","P102","Die Skergs erzählten von einer Krankheit; die Euch plagt?",
563,"Quest 563","P102","",
565,"Quest 565","P102","",
566,"Quest 566","P102","",
567,"Quest 567","P102","Die Kithar sind zäh! Ich schicke Euch Verstärkung!",
569,"Quest 569","P102","Da ist das Dorf!",
572,"der Weg nach Rune1 Quest solve","P102","Die Kithar sind zäh! Ich schicke Euch Verstärkung!",
604,"Quest 604","P102","Die Kithar sind zäh! Ich schicke Euch Verstärkung!",
606,"Quest 606","P102","Die Kithar sind zäh! Ich schicke Euch Verstärkung!",
607,"Quest 607","P102","Die Kithar sind zäh! Ich schicke Euch Verstärkung!",
633,"Quest 633","P102","Gut. Aber hört nicht auf das Gesäusel von Zolowin und Gruolun.",
634,"Quest 634","P102","Dieser Schlüssel ist aus einer Kiste im Lager. Mal sehen; ob er die Ketten öffne",
635,"Quest 635","P102","Die Ketten sind mit einem Schloss gesichert.",
636,"Quest 636","P102","Aber wie?",
637,"Quest 637","P102","Sucht den Schlüssel. Er ist bestimmt hier irgendwo im Lager versteckt.",
638,"Quest 638","P102","Verrat! Das wirst du büßen!",
639,"Quest 639","P102","Bei wem wart Ihr? Bei Gruolun? Bei Zolowin? Gleichgültig; beide sind Lügner; Die",
640,"Quest 640","P102","Bei wem wart Ihr? Bei Gruolun? Bei Zolowin? Gleichgültig; beide sind Lügner; Die",
641,"Quest 641","P102","Bei wem wart Ihr? Bei Gruolun? Bei Zolowin? Gleichgültig; beide sind Lügner; Die",
642,"Quest 642","P102","Verrat! Das wirst du büßen!",
643,"Quest 643","P102","Verrat! Das wirst du büßen!",
738,"Quest 738","P102","Die Kithar sind zäh! Ich schicke Euch Verstärkung!",
570,"Quest 570","P103","",
591,"Quest 591","P103","Befreit meine Rune!",
592,"Quest 592","P103","Befreit meine Rune!",
593,"Quest 593","P103","Befreit meine Rune!",
594,"Quest 594","P103","Befreit meine Rune!",
601,"ich war auf Rune2","P103","Befreit meine Rune!",
623,"Quest 623","P103","Befreit meine Rune!",
718,"Quest 718","P103","Ich ergebe mich! Kommt zu mir; ich habe euch etwas zu sagen!",
721,"Quest 721","P103","",
722,"Quest 722","P103","",
753,"Quest 753","P103","Haltet durch Krieger! Wir müssen aushalten; bis Hilfe kommt!",
754,"Eiselfenpatrouillen ausweichen","P103","Befreit meine Rune!",
575,"Quest 575","P104","Die Leute sind völlig erschöpft! Die meisten waren nie gut genährt und die letzt",
576,"Quest 576","P104","Die Leute haben sich aus deinem Lager etwas Nahrung genommen!",
577,"Quest 577","P104","Da sind sie!  Es ist Dracon Arach und die Rote Garde! Der Angriff beginnt!",
578,"Quest 578","P104","Ein paar Kinder sind fortgelaufen! Ihre Eltern suchen sie bereits; aber wir könn",
579,"Quest 579","P104","Gut; wir sind auf dem Weg! Beeil dich! Komm nach; sobald du kannst!",
580,"Quest 580","P104","Gut; wir sind auf dem Weg! Beeil dich! Komm nach; sobald du kannst!",
581,"Quest 581","P104","Gut; wir sind auf dem Weg! Beeil dich! Komm nach; sobald du kannst!",
582,"Quest 582","P104","Gut; wir sind auf dem Weg! Beeil dich! Komm nach; sobald du kannst!",
583,"Quest 583","P104","Gut; wir sind auf dem Weg! Beeil dich! Komm nach; sobald du kannst!",
614,"Quest 614","P104","Zurück! Lass sie die Festung plündern! Komm hier herauf!",
645,"Quest 645","P104","Schickt Späher in den Sumpf! Scheucht das Gewürm heraus!",
716,"Quest 716","P104","Schickt Späher in den Sumpf! Scheucht das Gewürm heraus!",
755,"Quest 755","P104","Die Leute haben sich aus deinem Lager etwas Nahrung genommen!",
756,"Quest 756","P104","Die Leute haben sich etwas Nahrung genommen! Wir brauchen wohl noch dreimal so v",
757,"Quest 757","P104","Die Leute haben sich aus deinem Lager etwas Nahrung genommen!",
758,"Quest 758","P104","Die Flüchtlinge sind gestärkt; aber wir brauchen bestimmt noch einmal so viel",
759,"Quest 759","P104","Die Leute haben sich aus deinem Lager etwas Nahrung genommen!",
760,"Quest 760","P104","Die Leute haben sich aus deinem Lager etwas Nahrung genommen!",
761,"Quest 761","P104","Bald haben die Leute genug Nahrung! Nur noch ein bisschen!",
762,"Quest 762","P104","Die Leute haben sich aus deinem Lager etwas Nahrung genommen!",
763,"Quest 763","P104","Die Leute haben sich aus deinem Lager etwas Nahrung genommen!",
574,"Quest 574","P105","Ich weiß es nicht. Am besten sprichst du mit Elune und versuchst herauszufinden;",
584,"Quest 584","P105","",
585,"Quest 585","P105","",
608,"Test","P105","",
611,"Test","P105","",
627,"Quest 627","P105","Lasst uns zu Aryn aufbrechen!",
631,"Quest 631","P105","",
632,"Quest 632","P105","Ihr glaubt an Eure Bücher und die hohen Schulen der Magie! Aber es gibt alte Krä",
657,"Quest 657","P105","Lasst uns zu Aryn aufbrechen!",
681,"Quest 681","P105","",
682,"Quest 682","P105","",
683,"Quest 683","P105","",
684,"Quest 684","P105","Ihr wisst von einem magischen Schutz gegen Feuer?",
685,"Quest 685","P105","Dann seid Ihr bereit!",
686,"Quest 686","P105","Dann seid Ihr bereit!",
687,"Quest 687","P105","",
689,"Quest 689","P105","",
690,"Quest 690","P105","",
691,"Quest 691","P105","Wir wissen; dass es ihm nicht um den Drachen geht. Das ist ihm alles gleich.",
694,"Quest 694","P105","Ihr habt Recht; viel Zeit ist vergangen ... diese Welt hat sich verändert; wenn ",
695,"Quest 695","P105","Lasst uns zu Aryn aufbrechen!",
696,"Quest 696","P105","Willkommen in Tirganach; Runenkrieger.",
698,"Quest 698","P105","Vor wem seid Ihr auf der Flucht?",
700,"Quest 700","P105","Sie sind die Prinzen der Finsternis. Sie waren die letzte Schöpfung Zarachs; bev",
701,"Buchauftrag bekommen","P105","",
702,"Buch abgegeben","P105","",
703,"Quest 703","P105","Gut. Hier habt Ihr nun den Schlüssel. Seht zu; dass er seine Finger bei sich beh",
704,"Quest 704","P105","Großartig! Schnell; schließt auf!",
705,"Quest 705","P105","Großartig! Schnell; schließt auf!",
706,"Quest 706","P105","Großartig! Schnell; schließt auf!",
707,"Seiten abgegeben","P105","",
708,"Quest 708","P105","",
712,"Skelettauftrag bekommen","P105","",
714,"Quest 714","P105","",
719,"Quest 719","P105","Lasst uns zu Aryn aufbrechen!",
734,"Quest 734","P105","Ihr glaubt an Eure Bücher und die hohen Schulen der Magie! Aber es gibt alte Krä",
765,"Quest 765","P105","(Auf dem Boden liegt der reglose Körper von Aedale; der hohen Priesterin.)",
766,"Quest 766","P105","Habt Ihr herausgefunden; wer Aedale ermordet hat?",
767,"Quest 767","P105","Habt Ihr herausgefunden; wer Aedale ermordet hat?",
768,"Quest 768","P105","Habt Ihr herausgefunden; wer Aedale ermordet hat?",
769,"Quest 769","P105","Habt Ihr herausgefunden; wer Aedale ermordet hat?",
771,"Quest 771","P105","Ihr seid Euch sicher?",
598,"Quest 598","P107","Ja. Mein Bruder ist ein Krieger; er kennt den Preis seiner Zunft! Doch dieses li",
599,"Quest 599","P107","Ich habe zwei Verletzte hier mit starkem Wundbrand! Unheilige Kraft hat diese Wu",
600,"Quest 600","P107","Ja. Mein Bruder ist ein Krieger; er kennt den Preis seiner Zunft! Doch dieses li",
752,"Quest 752","P107","Er ist erschienen! Ihr habt versagt! Flieht; oder Ihr werdet vernichtet!",
597,"Quest 597","P108","Sie kommen! Zu den Wällen!  Zu den Wällen!",
609,"Quest 609","P108","Sie kommen! Zu den Wällen!  Zu den Wällen!",
612,"Quest 612","P108","Ein Mensch? Nein ... mehr als das! Oder soll ich sagen ... weniger?",
613,"Quest 613","P108","Ein Mensch? Nein ... mehr als das! Oder soll ich sagen ... weniger?",
772,"Quest 772","P108","Windjalf! Bei Eisen und Licht; ich hätte nie gedacht Euch wiederzusehen",
646,"Quest 646","P109","Durchforstet das Land; ich werde hier ausharren.",
647,"Quest 647","P109","",
648,"Quest 648","P109","Durchforstet das Land; ich werde hier ausharren.",
649,"Quest 649","P109","Durchforstet das Land; ich werde hier ausharren.",
650,"Quest 650","P109","Durchforstet das Land; ich werde hier ausharren.",
651,"Quest 651","P109","Durchforstet das Land; ich werde hier ausharren.",
652,"Quest 652","P109","",
653,"Quest 653","P109","Durchforstet das Land; ich werde hier ausharren.",
654,"Quest 654","P109","Durchforstet das Land; ich werde hier ausharren.",
655,"Quest 655","P109","Durchforstet das Land; ich werde hier ausharren.",
693,"Quest 693","P109","Passt auf; sie haben euer Vorhaben bemerkt! Sie greifen an!",
731,"Quest 731","P109","Durchforstet das Land; ich werde hier ausharren.",
167,"Quest 167","P11","Es ist beinahe vollendet! Der Zorn nimmt bereits Gestalt an!",
168,"Quest 168","P11","Arr! Diebe! Mein Schatz! Menschling schlecht! Kraga ihn töten und zermalmen wird",
169,"Quest 169","P11","Könnt Ihr eine Erdenklinge für mich formen?",
184,"Quest 184","P11","Arr! Diebe! Mein Schatz! Menschling schlecht! Kraga ihn töten und zermalmen wird",
185,"Quest 185","P11","Arr! Diebe! Mein Schatz! Menschling schlecht! Kraga ihn töten und zermalmen wird",
186,"Quest 186","P11","Arr! Diebe! Mein Schatz! Menschling schlecht! Kraga ihn töten und zermalmen wird",
187,"Quest 187","P11","Arr! Diebe! Mein Schatz! Menschling schlecht! Kraga ihn töten und zermalmen wird",
188,"Quest 188","P11","Arr! Diebe! Mein Schatz! Menschling schlecht! Kraga ihn töten und zermalmen wird",
189,"Quest 189","P11","Arr! Diebe! Mein Schatz! Menschling schlecht! Kraga ihn töten und zermalmen wird",
269,"Quest 269","P11","",
270,"Quest 270","P11","Es sind sieben der stärksten Giftpilze: Schwefelkopf; Giftstacheling; Roter Wald",
271,"Quest 271","P11","Es sind sieben der stärksten Giftpilze: Schwefelkopf; Giftstacheling; Roter Wald",
323,"Quest 323","P11","Arr! Diebe! Mein Schatz! Menschling schlecht! Kraga ihn töten und zermalmen wird",
404,"Quest 404","P11","",
482,"Quest 482","P11","",
500,"Quest 500","P11","",
501,"Quest 501","P11","",
502,"Quest 502","P11","",
503,"Quest 503","P11","",
504,"Quest 504","P11","",
505,"Quest 505","P11","",
506,"Quest 506","P11","",
507,"Quest 507","P11","",
508,"Quest 508","P11","",
509,"Quest 509","P11","Es sind sieben der stärksten Giftpilze: Schwefelkopf; Giftstacheling; Roter Wald",
615,"Quest 615","P110","",
616,"Quest 616","P110","",
617,"Quest 617","P110","",
618,"Quest 618","P110","",
619,"Quest 619","P110","",
620,"Quest 620","P110","Sie sind im Zentrum! Los Würmer; haltet Sie auf!",
621,"Quest 621","P110","",
671,"Quest 671","P110","",
688,"Quest 688","P110","",
692,"Quest 692","P110","Shal",
720,"Quest 720","P110","",
732,"Quest 732","P110","",
744,"Quest 744","P110","",
745,"Quest 745","P110","",
746,"Quest 746","P110","",
747,"Quest 747","P110","",
748,"Quest 748","P110","Wachen! Tötet sie!",
749,"Quest 749","P110","",
750,"Quest 750","P110","Wachen! Tötet sie!",
751,"Quest 751","P110","",
672,"Quest 672","P111","",
673,"Quest 673","P111","",
674,"Quest 674","P111","",
675,"Quest 675","P111","",
680,"Quest 680","P111","",
709,"Quest 709","P111","",
710,"Quest 710","P111","",
739,"Quest 739","P111","",
622,"Quest 622","P113","",
625,"Quest 625","P113","",
626,"Q sprich mit cenwen","P113","Ich trauere um Eure Gefährtin. Sie war eine mutige Frau.",
628,"Quest 628","P113","",
629,"Quest 629","P113","",
630,"Quest 630","P113","",
697,"QBefreie Cenwen","P113","Ich trauere um Eure Gefährtin. Sie war eine mutige Frau.",
699,"QSprich mit Cenwen","P113","Ich trauere um Eure Gefährtin. Sie war eine mutige Frau.",
711,"Quest 711","P113","",
658,"Quest 658","P115","Ihr habt bereits einen der Kristalle! Nur einer kann getragen werden; dieser ist",
659,"Quest 659","P115","Ihr habt bereits einen der Kristalle! Nur einer kann getragen werden; dieser ist",
660,"Quest 660","P115","Ihr habt bereits einen der Kristalle! Nur einer kann getragen werden; dieser ist",
661,"Quest 661","P115","Ihr habt bereits einen der Kristalle! Nur einer kann getragen werden; dieser ist",
662,"Quest 662","P115","Ihr habt bereits einen der Kristalle! Nur einer kann getragen werden; dieser ist",
663,"Quest 663","P115","Ihr habt bereits einen der Kristalle! Nur einer kann getragen werden; dieser ist",
664,"Quest 664","P115","Ihr habt bereits einen der Kristalle! Nur einer kann getragen werden; dieser ist",
665,"Quest 665","P115","Ihr habt bereits einen der Kristalle! Nur einer kann getragen werden; dieser ist",
666,"Quest 666","P115","Ihr habt bereits einen der Kristalle! Nur einer kann getragen werden; dieser ist",
667,"Quest 667","P115","Ihr habt bereits einen der Kristalle! Nur einer kann getragen werden; dieser ist",
668,"Quest 668","P115","Ihr habt bereits einen der Kristalle! Nur einer kann getragen werden; dieser ist",
669,"Quest 669","P115","Ihr habt bereits einen der Kristalle! Nur einer kann getragen werden; dieser ist",
670,"Quest 670","P115","Ihr habt bereits einen der Kristalle! Nur einer kann getragen werden; dieser ist",
733,"Quest 733","P115","Ihr habt bereits einen der Kristalle! Nur einer kann getragen werden; dieser ist",
735,"Quest 735","P115","Ihr habt bereits einen der Kristalle! Nur einer kann getragen werden; dieser ist",
124,"Quest 124","P12","Seht! Ein Mensch naht von Westen her! Öffnet das Tor!",
142,"Quest 142","P12","Seht! Ein Mensch naht von Westen her! Öffnet das Tor!",
191,"Quest 191","P12","Seht! Ein Mensch naht von Westen her! Öffnet das Tor!",
192,"Quest 192","P12","Seht! Ein Mensch naht von Westen her! Öffnet das Tor!",
193,"Quest 193","P12","Seht! Ein Mensch naht von Westen her! Öffnet das Tor!",
194,"Quest 194","P12","Seht! Ein Mensch naht von Westen her! Öffnet das Tor!",
198,"Quest 198","P12","Seht! Ein Mensch naht von Westen her! Öffnet das Tor!",
199,"Quest 199","P12","Grüße; Freund!",
200,"Quest 200","P12","Seht! Ein Mensch naht von Westen her! Öffnet das Tor!",
201,"Quest 201","P12","Seht! Ein Mensch naht von Westen her! Öffnet das Tor!",
202,"Quest 202","P12","Seht! Ein Mensch naht von Westen her! Öffnet das Tor!",
203,"Quest 203","P12","Seht! Ein Mensch naht von Westen her! Öffnet das Tor!",
204,"Quest 204","P12","Seht! Ein Mensch naht von Westen her! Öffnet das Tor!",
205,"Quest 205","P12","Seht! Ein Mensch naht von Westen her! Öffnet das Tor!",
206,"Quest 206","P12","Seht! Ein Mensch naht von Westen her! Öffnet das Tor!",
209,"Quest 209","P12","Seht! Ein Mensch naht von Westen her! Öffnet das Tor!",
211,"Quest 211","P12","Seht! Ein Mensch naht von Westen her! Öffnet das Tor!",
212,"Quest 212","P12","Seht! Ein Mensch naht von Westen her! Öffnet das Tor!",
213,"Quest 213","P12","Danke für Eure Hilfe! Was wünscht Ihr?",
214,"Quest 214","P12","Ein Runenkrieger? Da soll mich doch Zarach persönlich holen! Gesellt Euch zu mir",
215,"Quest 215","P12","Seht! Ein Mensch naht von Westen her! Öffnet das Tor!",
216,"Quest 216","P12","Seht! Ein Mensch naht von Westen her! Öffnet das Tor!",
218,"Quest 218","P12","Seht! Ein Mensch naht von Westen her! Öffnet das Tor!",
219,"Quest 219","P12","Seht! Ein Mensch naht von Westen her! Öffnet das Tor!",
221,"Quest 221","P12","Was macht ein Kerl wie Ihr in einer Festung wie dieser?",
222,"Quest 222","P12","Seht! Ein Mensch naht von Westen her! Öffnet das Tor!",
223,"Quest 223","P12","Seht! Ein Mensch naht von Westen her! Öffnet das Tor!",
224,"Quest 224","P12","Seht! Ein Mensch naht von Westen her! Öffnet das Tor!",
225,"Quest 225","P12","Seht! Ein Mensch naht von Westen her! Öffnet das Tor!",
242,"Quest 242","P12","Seht! Ein Mensch naht von Westen her! Öffnet das Tor!",
247,"Quest 247","P12","Seht! Ein Mensch naht von Westen her! Öffnet das Tor!",
483,"Quest 483","P12","Seht! Ein Mensch naht von Westen her! Öffnet das Tor!",
559,"Quest 559","P12","Ich suche Hokan Ashir!",
183,"Quest 183","P15","(Das glimmende Octagon einsetzen.)",
217,"Quest 217","P15","",
231,"Quest 231","P15","",
232,"Quest 232","P15","",
233,"Quest 233","P15","",
234,"Quest 234","P15","",
235,"Quest 235","P15","Öffnet das Tor!",
236,"Quest 236","P15","Das ist das Ende Deiner Reise! Du wirst meinen Herrn nie erreichen!",
237,"Quest 237","P15","Öffnet das Tor!",
238,"Quest 238","P15","Öffnet das Tor!",
239,"Quest 239","P15","Öffnet das Tor!",
240,"Quest 240","P15","Das ist das Ende Deiner Reise! Du wirst meinen Herrn nie erreichen!",
241,"Quest 241","P15","Das ist das Ende Deiner Reise! Du wirst meinen Herrn nie erreichen!",
391,"Quest 391","P15","",
421,"Quest 421","P15","(In den Spalt hineingreifen.)",
422,"Quest 422","P15","",
308,"Quest 308","P19","",
319,"Quest 319","P19","Einst diente ich dem Zirkel! Nun wache ich über die mächtigen Schätze Mulandirs.",
320,"Quest 320","P19","Ich suche den Phönixstein!",
321,"Quest 321","P19","Ich suche den Phönixstein!",
553,"Quest 553","P19","",
1099,"Quest 1099","P200","Applaus! Der Gewinner dieser Runde ist: Der Runenkrieger!",
1100,"Quest 1100","P200","Applaus! Der Gewinner dieser Runde ist: Der Runenkrieger!",
1101,"Quest 1101","P200","Applaus! Der Gewinner dieser Runde ist: Der Runenkrieger!",
1102,"Quest 1102","P200","Applaus! Der Gewinner dieser Runde ist: Der Runenkrieger!",
1103,"Quest 1103","P200","Applaus! Der Gewinner dieser Runde ist: Der Runenkrieger!",
775,"Quest 775","P201","Ihr müsst den Ring an Eurem Finger tragen; damit er wirken kann!",
776,"Quest 776","P201","Ihr müsst den Ring an Eurem Finger tragen; damit er wirken kann!",
777,"Quest 777","P201","Ihr müsst den Ring an Eurem Finger tragen; damit er wirken kann!",
833,"Quest 833","P201","Isgrimm; ich verfluche dich!",
834,"Quest 834","P201","Isgrimm; ich verfluche dich!",
835,"Quest 835","P201","Laurin ist erschlagen! Nehmt Glamrigs Rune!",
836,"Quest 836","P201","Laurin ist erschlagen! Nehmt Glamrigs Rune!",
837,"Quest 837","P201","Laurin ist erschlagen! Nehmt Glamrigs Rune!",
838,"Quest 838","P201","Laurin ist erschlagen! Nehmt Glamrigs Rune!",
839,"Quest 839","P201","Laurin ist erschlagen! Nehmt Glamrigs Rune!",
840,"Quest 840","P201","Laurin ist erschlagen! Nehmt Glamrigs Rune!",
841,"Quest 841","P201","Laurin ist erschlagen! Nehmt Glamrigs Rune!",
842,"Quest 842","P201","Laurin ist erschlagen! Nehmt Glamrigs Rune!",
893,"Quest 893","P201","Ihr müsst den Ring an Eurem Finger tragen; damit er wirken kann!",
1088,"Quest 1088","P201","",
826,"Hokans Auftrag","P202","Nun; bereit für Eure Aufgabe?",
827,"Quest 827","P202","",
828,"Quest 828","P202","",
829,"das Geheimnis der Stadt","P202","Nun; bereit für Eure Aufgabe?",
830,"Quest 830","P202","",
831,"Q Die Dryade","P202","Nun; bereit für Eure Aufgabe?",
832,"rückzug","P202","Nun; bereit für Eure Aufgabe?",
844,"hl Stätte CoS","P202","Das heilige Wasser aus Eurem Behälter ist vollständig verdunstet!",
845,"Quest 845","P202","Das heilige Wasser aus Eurem Behälter ist vollständig verdunstet!",
928,"Quest 928","P202","Es ist vorbei; endlich!",
929,"Quest 929","P202","Das heilige Wasser aus Eurem Behälter ist vollständig verdunstet!",
930,"Quest 930","P202","Das heilige Wasser aus Eurem Behälter ist vollständig verdunstet!",
931,"Quest 931","P202","Endlich finde ich Frieden!",
932,"Quest 932","P202","Das heilige Wasser aus Eurem Behälter ist vollständig verdunstet!",
933,"Quest 933","P202","Es ist vorbei; endlich!",
993,"Quest 993","P202"," Auf jeden Fall sollt Ihr erst einmal Eure Entlohnung erhalten! Hier!",
994,"Quest: Sammle alle Hadeko-Puppen","P202","",
995,"Quest: Finde den Helden","P202","",
996,"Quest: Finde den Trickster","P202","",
997,"Quest: Finde den Mentor","P202","",
998,"Quest: Finde den Torwächter","P202","",
999,"Quest: Finde den Schatten","P202","",
1000,"Quest: Finde den Erzmagier","P202","",
1001,"Quest 1001","P202"," Auf jeden Fall sollt Ihr erst einmal Eure Entlohnung erhalten! Hier!",
1047,"Quest 1047","P202","",
1048,"Quest 1048","P202","",
1049,"Quest 1049","P202","",
1050,"Quest 1050","P202","Das heilige Wasser aus Eurem Behälter ist vollständig verdunstet!",
1056,"zurück zur Dryade2","P202","Das heilige Wasser aus Eurem Behälter ist vollständig verdunstet!",
1085,"Quest 1085","P202","Nun; bereit für Eure Aufgabe?",
1087,"Quest 1087","P202","",
1090,"Quest 1090","P202","",
1091,"Quest 1091","P202","",
810,"Quest 810","P205","Das Wasser ist wieder rein! Der Hain ist gerettet!",
843,"Quest 843","P205","",
846,"Quest 846","P205","",
847,"Quest 847","P205","",
865,"Quest 865","P205","Das Wasser ist wieder rein! Der Hain ist gerettet!",
866,"Quest 866","P205","",
867,"Quest 867","P205","Das Wasser ist wieder rein! Der Hain ist gerettet!",
868,"Quest 868","P205","",
869,"Quest 869","P205","",
870,"Quest 870","P205","(Das Gegengift löst die ölige Flüssigkeit auf und wird von der Quelle aus schnel",
871,"Quest 871","P205","Das Wasser ist wieder rein! Der Hain ist gerettet!",
872,"Quest 872","P205","Errinnert Ihr Euch nicht? Es ist der Nekromant; dessen Geist Ihr damals die Mask",
876,"Quest 876","P205","",
877,"Quest 877","P205","",
881,"Quest 881","P205","",
940,"Quest 940","P205","",
943,"Quest 943","P205","",
947,"Quest 947","P205","",
948,"Quest 948","P205","",
949,"Quest 949","P205","",
950,"Quest 950","P205","",
970,"Quest 970","P205","",
1042,"Quest 1042","P205","Warum seid Ihr hier gefangen?",
1043,"erhält Subquest "Gehe zu Serbio"","P205","Er ist Euch sehr dankbar! ich glaube; er hat Euch lieb gewonnen.",
1044,"Quest 1044","P205","Was ist das für eine Kreatur?",
1045,"Quest 1045","P205","Wo finde ich sie?",
1046,"Quest 1046","P205","(Traurig blickt der Irfit dem Kristall hinterher; als Ihr ihn wieder einsteckt.)",
1051,"Quest 1051","P205","Hier; die Samen. Gebt gut auf sie acht; sie sind wie meine Kinder.",
1052,"Quest 1052","P205","Hier; die Samen. Gebt gut auf sie acht; sie sind wie meine Kinder.",
1053,"Quest 1053","P205","Hier; die Samen. Gebt gut auf sie acht; sie sind wie meine Kinder.",
1054,"Quest 1054","P205","Hier; die Samen. Gebt gut auf sie acht; sie sind wie meine Kinder.",
1055,"Quest 1055","P205","Jetzt ist es vollbracht! Ihr habt die Wunden des Landes geschlossen! Ich danke E",
1080,"Quest 1080","P205","(Traurig blickt der Irfit dem Kristall hinterher; als Ihr ihn wieder einsteckt.)",
1089,"Quest 1089","P205","",
1092,"Quest 1092","P205","",
818,"Quest 818","P206","Wir bleiben erst mal hier; bis der Weg durch die Wüste frei ist",
819,"Quest 819","P206","Wir bleiben erst mal hier; bis der Weg durch die Wüste frei ist",
820,"Quest 820","P206","Das war falsch; Alyah! Wir hätten dem Botschafter helfen sollen!",
821,"Quest 821","P206","Das war falsch; Alyah! Wir hätten dem Botschafter helfen sollen!",
822,"Quest 822","P206","Die Gazeda sind fort! Träger; marsch!",
823,"Quest 823","P206","Die Gazeda sind fort! Träger; marsch!",
824,"Quest 824","P206","Die Gazeda sind fort! Träger; marsch!",
825,"Quest 825","P206","Das war falsch; Alyah! Wir hätten dem Botschafter helfen sollen!",
886,"Quest 886","P206","",
887,"Quest 887","P206","Das war falsch; Alyah! Wir hätten dem Botschafter helfen sollen!",
891,"Quest 891","P206","Das war falsch; Alyah! Wir hätten dem Botschafter helfen sollen!",
973,"Quest 973 aktivieren","P207","",
975,"Quest 975 aktivieren / gelöst in n10662.lua +nächste Auftrag","P207","",
976,"Quest 976","P207","",
977,"Quest 977","P207","Niethalfs Bart; bin ich froh Euch zu sehen! Hatte schon nicht mehr auf Rettung g",
978,"Quest 978","P207","",
979,"Quest 979","P207","Niethalfs Bart; bin ich froh Euch zu sehen! Hatte schon nicht mehr auf Rettung g",
980,"Quest 980","P207","",
981,"Quest 981","P207","",
982,"Quest 982","P207","",
983,"Quest 983","P207","",
985,"Quest 985","P207","",
986,"Quest 986","P207","",
987,"Quest 987","P207","",
988,"Quest 988","P207","",
989,"Quest 989","P207","",
990,"Quest 990","P207","",
991,"Quest 991","P207","",
992,"Quest 992","P207","",
1032,"Quest 1032","P207","",
1098,"Quest 1098","P207","",
848,"Quest 848","P208","",
849,"Quest 849","P208","Hm; das Wasser scheint etwas zu bewirken!",
850,"Quest 850","P208","Hm; das Wasser scheint etwas zu bewirken!",
851,"Quest 851","P208","Hm; das Wasser scheint etwas zu bewirken!",
852,"Quest 852","P208","Hm; das Wasser scheint etwas zu bewirken!",
853,"Quest 853","P208","Hm; das Wasser scheint etwas zu bewirken!",
854,"Quest 854","P208","Hm; das Wasser scheint etwas zu bewirken!",
855,"Quest 855","P208","",
856,"Quest 856","P208","Hm; das Wasser scheint etwas zu bewirken!",
857,"Quest 857","P208","Hm; das Wasser scheint etwas zu bewirken!",
858,"Quest 858","P208","Hm; das Wasser scheint etwas zu bewirken!",
859,"Quest 859","P208","Hm; das Wasser scheint etwas zu bewirken!",
860,"Quest 860","P208","Hm; das Wasser scheint etwas zu bewirken!",
861,"Quest 861","P208","Hm; das Wasser scheint etwas zu bewirken!",
862,"Quest 862","P208","Hm; das Wasser scheint etwas zu bewirken!",
863,"Quest 863","P208","Hm; das Wasser scheint etwas zu bewirken!",
1059,"Quest 1059","P208","Hm; das Wasser scheint etwas zu bewirken!",
1060,"Quest 1060","P208","Da; er frisst von der Leiche! Was es wohl bewirkt?",
1077,"Quest 1077","P208","Hm; das Wasser scheint etwas zu bewirken!",
1078,"Quest 1078","P208","Das Duell beginnt.",
1079,"Quest 1079","P208","Das Duell beginnt.",
1086,"Quest 1086","P208","Das Duell beginnt.",
780,"Quest 780","P209","",
781,"Quest 781","P209","",
782,"Quest 782","P209","",
784,"Quest 784","P209","",
785,"Quest 785","P209","",
786,"Quest 786","P209","",
789,"Quest 789","P209","",
790,"Quest 790","P209","",
791,"Quest 791","P209","",
792,"Quest 792","P209","",
793,"Quest 793","P209","",
794,"Quest 794","P209","",
795,"Quest 795","P209","",
796,"Quest 796","P209","",
797,"Quest 797","P209","",
798,"Quest 798","P209","",
799,"Quest 799","P209","",
817,"Quest 817","P209","",
874,"Quest 874","P209","",
934,"Quest 934","P209","",
1083,"Quest 1083","P209","",
1084,"Quest 1084","P209","",
779,"die Questen von Kathai werden gesolved","P210","Er ist es! Ankthar ist zurückgekehrt!",
873,"die Questen von Kathai werden gesolved","P210","Er ist es! Ankthar ist zurückgekehrt!",
875,"die Questen von Kathai werden gesolved","P210","Er ist es! Ankthar ist zurückgekehrt!",
900,"Mainquest begonnen "Durch die Uhrwerkhallen"","P210","Er ist es! Ankthar ist zurückgekehrt!",
901,"Unterquest "Öffne das Eingangstor"","P210","Er ist es! Ankthar ist zurückgekehrt!",
902,"Unterquest "Durchquere die Halle der Augen"","P210","Er ist es! Ankthar ist zurückgekehrt!",
903,"Unterquest "Schleiche an den Wächtern vorbei"","P210","Er ist es! Ankthar ist zurückgekehrt!",
904,"Unterquest "Durchquere die Spinnengrube oder such einen Weg um die Grube herum"","P210","Er ist es! Ankthar ist zurückgekehrt!",
905,"Unterquest "Finde einen Gegenstand, um den Eingang in die Halle der Toten zu öffnen"","P210","Er ist es! Ankthar ist zurückgekehrt!",
906,"Unterquest "Durchquere die Halle der Toten"","P210","Er ist es! Ankthar ist zurückgekehrt!",
907,"Unterquest "Steig die schwarzweißen Stufen hinab, meide Blutlachen und Kadaver"","P210","Er ist es! Ankthar ist zurückgekehrt!",
908,"Unterquest "Dringe in das Höhlensystem im Osten vor"","P210","Er ist es! Ankthar ist zurückgekehrt!",
909,"Unterquest "Bring die fünf Köpfe vor dem Tor zur Schatzkammer gleichzeitig zum Leuchten"","P210","Er ist es! Ankthar ist zurückgekehrt!",
910,"Unterquest "Brig das Szepter der Winde und bring es Xalabar"","P210","Er ist es! Ankthar ist zurückgekehrt!",
911,"Unterquest "Entscheide, ob du für Xalabar das Szepter der Winde suchen willst"","P210","Er ist es! Ankthar ist zurückgekehrt!",
912,"Unterquest "Töte Xalabar"","P210","Er ist es! Ankthar ist zurückgekehrt!",
913,"Unterquest "Finde ein Portal nach Darkwind Keep und verlasse die CC"","P210","Er ist es! Ankthar ist zurückgekehrt!",
914,"Unterquest "Die Auseinandersetzung mit Xalabar"","P210","Er ist es! Ankthar ist zurückgekehrt!",
1069,"Quest 1069","P210","",
1070,"Quest 1070","P210","Was wünscht Ihr?",
892,"in den schwarzen Dschungel","P211","",
935,"öffne das Tor für die Kathai","P211","",
936,"Die Belagerer von DK (erobere die Monumente)","P211","Passt auf! Ich glaube ein Angriff steht bevor!",
937,"Camps im Tal am Fluß (cleare die Camps)","P211","Passt auf! Ich glaube ein Angriff steht bevor!",
956,"Quest 956","P211","",
971,"Finde einen Weg in den Schlund","P211","Passt auf! Ich glaube ein Angriff steht bevor!",
1063,"Quest 1063","P211","",
1066,"Quest 1066","P211","",
1067,"Quest 1067","P211","",
1093,"Quest 1093","P211","",
1094,"Quest 1094","P211","",
1097,"Quest 1097","P211","",
958,"Subquest begonnen "Töte die Seelenschmiede"","P212","",
959,"Subquest begonnen "Alle Steine ausschalten"","P212","",
960,"Subsubquest begonnen "Stein 1 ausschalten"","P212","",
961,"Subsubquest begonnen "Stein 2 ausschalten"","P212","",
962,"Subsubquest begonnen "Stein 3 ausschalten"","P212","",
963,"Subsubquest begonnen "Stein 4 ausschalten"","P212","",
964,"Subsubquest begonnen "Stein 5 ausschalten"","P212","",
965,"Subsubquest begonnen "Stein 6 ausschalten"","P212","",
957,"Quest 957","P213","",
1005,"Quest 1005","P213","",
1006,"Quest 1006","P213","",
1007,"Quest 1007","P213","Nein! Nein! Du erst müssen uns zeigen du gut! Nicht schlecht wie Maskenmann!",
1008,"Quest 1008","P213","Kannst du mir helfen?",
1009,"Quest 1009","P213","Nein! Nein! Du erst müssen uns zeigen du gut! Nicht schlecht wie Maskenmann!",
1010,"Quest 1010","P213","Könnt Ihr heimkehren?",
1095,"Quest 1095","P213","",
1096,"Quest 1096","P213","",
172,"Quest 172","P23","",
173,"Quest 173","P23","",
174,"Quest 174","P23","",
175,"Quest 175","P23","",
176,"Quest 176","P23","",
302,"Quest 302","P23","Viel Glück damit! Wofür immer Ihr ihn auch braucht! Lebt wohl!",
303,"Quest 303","P23","",
304,"Quest 304","P23","",
310,"Quest 310","P23","Der Winter ist nah!",
312,"Quest 312","P23","Der Winter ist nah!",
496,"Quest 496","P23","",
497,"Quest 497","P23","Der Winter ist nah!",
498,"Quest 498","P23","",
499,"Quest 499","P23","",
390,"Quest 390","P25","Was gibt es noch zu sagen?",
519,"Quest 519","P25","",
523,"Quest 523","P25","",
531,"Quest 531","P25","",
532,"Quest 532","P25","",
533,"Quest 533","P25","Was gibt es noch zu sagen?",
549,"Quest 549","P25","",
550,"Quest 550","P25","",
535,"Quest 535","P27","Setzt mich frei; Lichtbeter!",
536,"Quest 536","P27","Was ist noch; Lichtgläubiger?",
537,"Quest 537","P27","Setzt mich frei; Lichtbeter!",
538,"Quest 538","P27","Setzt mich frei; Lichtbeter!",
534,"Quest 534","P30","",
539,"Quest 539","P30","",
540,"Quest 540","P30","",
541,"Quest 541","P30","",
542,"Quest 542","P30","",
99,"Quest 99","P6","Los Männer! Zum Monument!",
101,"Quest 101","P6","Los Männer! Zum Monument!",
102,"Quest 102","P6","Los Männer! Zum Monument!",
103,"Quest 103","P6","Los Männer! Zum Monument!",
104,"Quest 104","P6","Los Männer! Zum Monument!",
105,"Quest 105","P6","Los Männer! Zum Monument!",
106,"Quest 106","P6","Los Männer! Zum Monument!",
107,"Quest 107","P6","Tretet näher; Freund!",
108,"Quest 108","P6","Los Männer! Zum Monument!",
109,"Quest 109","P6","Los Männer! Zum Monument!",
137,"Quest 137","P6","Los Männer! Zum Monument!",
255,"Quest 255","P6","Was ist Euer Geschäft hier?",
348,"Quest 348","P6","Los Männer! Zum Monument!",
352,"Quest 352","P6","Aonirs Licht mit Euch; Fremder!",
386,"Quest 386","P6","Los Männer! Zum Monument!",
392,"Quest 392","P6","Los Männer! Zum Monument!",
393,"Quest 393","P6","Los Männer! Zum Monument!",
408,"Quest 408","P6","So... und nun lauft meine Kleinen!",
409,"Quest 409","P6","Los Männer! Zum Monument!",
410,"Quest 410","P6","Los Männer! Zum Monument!",
413,"Quest 413","P6","Grüße!",
12,"Quest 12","P63","Fragt Darius nach Rohens Verbleib! Sucht Rohen und warnt ihn! Wenn der dunkle Ma",
110,"Quest 110","P63","Der Runenkrieger ist zurück! Schnell Ihr müsst ins Haupthaus des Ordens kommen!",
111,"Quest 111","P63","Seid gegrüßt; Freund!",
122,"Quest 122","P63","Wer ist Hokan Ashir?",
123,"Quest 123","P63","Das Haus Hallit hat seine Grenzen geschlossen! Kein Durchgang für einfaches Volk",
190,"Quest 190","P63","Weitergehen! Hier gibt es nichts zu sehen...!",
210,"Quest 210","P63","Seid gegrüßt; Freund!",
220,"Quest 220","P63","Weitergehen! Hier gibt es nichts zu sehen...!",
265,"Quest 265","P63","",
266,"Quest 266","P63","Der Runenkrieger ist zurück! Schnell Ihr müsst ins Haupthaus des Ordens kommen!",
267,"Quest 267","P63","Der Runenkrieger ist zurück! Schnell Ihr müsst ins Haupthaus des Ordens kommen!",
322,"Quest 322","P63","Der Runenkrieger ist zurück! Schnell Ihr müsst ins Haupthaus des Ordens kommen!",
324,"Quest 324","P63","Untersucht die drei Grabsteine und kehrt danach hierher zurück und erzählt mir d",
325,"Quest 325","P63","Der Runenkrieger ist zurück! Schnell Ihr müsst ins Haupthaus des Ordens kommen!",
326,"Quest 326","P63","Der Runenkrieger ist zurück! Schnell Ihr müsst ins Haupthaus des Ordens kommen!",
327,"Quest 327","P63","Der Runenkrieger ist zurück! Schnell Ihr müsst ins Haupthaus des Ordens kommen!",
328,"Quest 328","P63","Der Runenkrieger ist zurück! Schnell Ihr müsst ins Haupthaus des Ordens kommen!",
329,"Quest 329","P63","Der Runenkrieger ist zurück! Schnell Ihr müsst ins Haupthaus des Ordens kommen!",
330,"Quest 330","P63","Was gibt es diesmal?",
331,"Quest 331","P63","Sandor schickt mich!",
332,"Quest 332","P63","Der Runenkrieger ist zurück! Schnell Ihr müsst ins Haupthaus des Ordens kommen!",
333,"Quest 333","P63","Der Runenkrieger ist zurück! Schnell Ihr müsst ins Haupthaus des Ordens kommen!",
335,"Quest 335","P63","Ah; Freund! Aonirs Licht!",
336,"Quest 336","P63","Habt Ihr den Federkiel dabei?",
337,"Quest 337","P63","Der Runenkrieger ist zurück! Schnell Ihr müsst ins Haupthaus des Ordens kommen!",
338,"Quest 338","P63","Der Runenkrieger ist zurück! Schnell Ihr müsst ins Haupthaus des Ordens kommen!",
339,"Quest 339","P63","Habt Ihr die Beschwörerkreide gefunden?",
340,"Quest 340","P63","Der Runenkrieger ist zurück! Schnell Ihr müsst ins Haupthaus des Ordens kommen!",
341,"Quest 341","P63","Habt Ihr die Robe flicken lassen?",
342,"Quest 342","P63","Der Runenkrieger ist zurück! Schnell Ihr müsst ins Haupthaus des Ordens kommen!",
343,"Quest 343","P63","Oh; mit Tanara zu verhandeln kann durchaus anregend sein; ärhm...! Hier ist die ",
344,"Quest 344","P63","Oh; mit Tanara zu verhandeln kann durchaus anregend sein; ärhm...! Hier ist die ",
347,"Quest 347","P63","Hier; ich habe die Robe flicken lassen!",
350,"Quest 350","P63","Der Runenkrieger ist zurück! Schnell Ihr müsst ins Haupthaus des Ordens kommen!",
351,"Quest 351","P63","Der Runenkrieger ist zurück! Schnell Ihr müsst ins Haupthaus des Ordens kommen!",
354,"Quest 354","P63","",
355,"Quest 355","P63","",
356,"Quest 356","P63","Dann könnt Ihr mir auch keine Wundtinktur geben?",
357,"Quest 357","P63","Leider kann ich Euch immer noch nichts anbieten! Flann Gondersen ist noch immer ",
358,"Quest 358","P63","Der Runenkrieger ist zurück! Schnell Ihr müsst ins Haupthaus des Ordens kommen!",
359,"Quest 359","P63","Ich habe den Zirfartrank!",
360,"Quest 360","P63","Hier; nehmt Eure Locke zurück! Ihr seid frei!",
365,"Quest 365","P63","Ihr habt mir einen großen Dienst erwiesen; fremder Wanderer! Als Dank schenke ic",
366,"Quest 366","P63","Der Runenkrieger ist zurück! Schnell Ihr müsst ins Haupthaus des Ordens kommen!",
367,"Quest 367","P63","Hier; nehmt Eure Locke zurück! Ihr seid frei!",
368,"Quest 368","P63","Hier; nehmt Eure Locke zurück! Ihr seid frei!",
369,"Quest 369","P63","",
371,"Quest 371","P63","Ah; Freund! Ihr seid es wieder!",
372,"Quest 372","P63","Ihr versteht es; einem Augenkranken den Star zu stechen?",
373,"Quest 373","P63","Und wenn Ihr einmal einen Eingriff nötig habt; kommt nur zu mir!",
375,"Quest 375","P63","Ihr versteht es; einem Augenkranken den Star zu stechen?",
376,"Quest 376","P63","Hier; nehmt diese Nadel! Die getrübte Linse muss damit in die Tiefe des Auges ve",
377,"Quest 377","P63","Der Runenkrieger ist zurück! Schnell Ihr müsst ins Haupthaus des Ordens kommen!",
378,"Quest 378","P63","Sandor schickt mich!",
379,"Quest 379","P63","Ah; Krieger! Ich hoffe das... Geschäft läuft zufriedenstellend!",
380,"Quest 380","P63","Fertigt Ihr auch Rüstungen; Orthanc?",
384,"Quest 384","P63","Was wollt Ihr noch?",
385,"Quest 385","P63","Der Runenkrieger ist zurück! Schnell Ihr müsst ins Haupthaus des Ordens kommen!",
395,"Quest 395","P63","Der Runenkrieger ist zurück! Schnell Ihr müsst ins Haupthaus des Ordens kommen!",
397,"Quest 397","P63","Der Runenkrieger ist zurück! Schnell Ihr müsst ins Haupthaus des Ordens kommen!",
398,"Quest 398","P63","Der Runenkrieger ist zurück! Schnell Ihr müsst ins Haupthaus des Ordens kommen!",
399,"Quest 399","P63","Der Runenkrieger ist zurück! Schnell Ihr müsst ins Haupthaus des Ordens kommen!",
400,"Quest 400","P63","Der Runenkrieger ist zurück! Schnell Ihr müsst ins Haupthaus des Ordens kommen!",
402,"Quest 402","P63","Eine neue Zeit wird beginnen... der Trank des Helden...! Ich - ich; Adhira - wer",
403,"Quest 403","P63","Hier ist das Gefäß; das Ihr benötigt!",
405,"Quest 405","P63","Hier ist das Gefäß; das Ihr benötigt!",
406,"Quest 406","P63","Der Runenkrieger ist zurück! Schnell Ihr müsst ins Haupthaus des Ordens kommen!",
407,"Quest 407","P63","Hier bringe ich Euch das Blut der drei Kreaturen!",
415,"Quest 415","P63","Ist dieser gebrochene Bogen aus dem Holz der Schwarzeibe?",
416,"Quest 416","P63","",
417,"Quest 417","P63","Erzählt der Reihe nach!",
418,"Quest 418","P63","Erzählt der Reihe nach!",
423,"Quest 423","P63","Erzählt der Reihe nach!",
425,"Quest 425","P63","Der Runenkrieger ist zurück! Schnell Ihr müsst ins Haupthaus des Ordens kommen!",
426,"Quest 426","P63","Der Runenkrieger ist zurück! Schnell Ihr müsst ins Haupthaus des Ordens kommen!",
427,"Quest 427","P63","Der Runenkrieger ist zurück! Schnell Ihr müsst ins Haupthaus des Ordens kommen!",
428,"Quest 428","P63","Der Runenkrieger ist zurück! Schnell Ihr müsst ins Haupthaus des Ordens kommen!",
429,"Quest 429","P63","Der Runenkrieger ist zurück! Schnell Ihr müsst ins Haupthaus des Ordens kommen!",
435,"Quest 435","P63","Der Runenkrieger ist zurück! Schnell Ihr müsst ins Haupthaus des Ordens kommen!",
436,"Quest 436","P63","Der Runenkrieger ist zurück! Schnell Ihr müsst ins Haupthaus des Ordens kommen!",
437,"Quest 437","P63","Der Runenkrieger ist zurück! Schnell Ihr müsst ins Haupthaus des Ordens kommen!",
438,"Quest 438","P63","Der Runenkrieger ist zurück! Schnell Ihr müsst ins Haupthaus des Ordens kommen!",
439,"Quest 439","P63","Danke! Ohne Euch hätte es finster für uns ausgesehen! Die Wachleute können was e",
440,"Quest 440","P63","Sartarius?",
441,"Quest 441","P63","Sartarius?",
442,"Quest 442","P63","Sartarius?",
443,"Quest 443","P63","Der Runenkrieger ist zurück! Schnell Ihr müsst ins Haupthaus des Ordens kommen!",
444,"Quest 444","P63","Der Runenkrieger ist zurück! Schnell Ihr müsst ins Haupthaus des Ordens kommen!",
446,"Quest 446","P63","Fragt Darius nach Rohens Verbleib! Sucht Rohen und warnt ihn! Wenn der dunkle Ma",
447,"Quest 447","P63","",
469,"Quest 469","P63","Ah; Krieger! Ich hoffe das... Geschäft läuft zufriedenstellend!",
470,"Quest 470","P63","Fertigt Ihr auch Rüstungen; Orthanc?",
471,"Quest 471","P63","Ah; Krieger! Ich hoffe das... Geschäft läuft zufriedenstellend!",
489,"Quest 489","P63","Ich habe hier eine Flasche Liannoner Früchtebrand.",
515,"Quest 515","P63","Fertigt Ihr auch Rüstungen; Orthanc?",
516,"Quest 516","P63","Ah; Krieger! Ich hoffe das... Geschäft läuft zufriedenstellend!",
517,"Quest 517","P63","Der Runenkrieger ist zurück! Schnell Ihr müsst ins Haupthaus des Ordens kommen!",
518,"Quest 518","P63","Der Runenkrieger ist zurück! Schnell Ihr müsst ins Haupthaus des Ordens kommen!",
524,"Quest 524","P63","Der Runenkrieger ist zurück! Schnell Ihr müsst ins Haupthaus des Ordens kommen!",
525,"Quest 525","P63","Der Runenkrieger ist zurück! Schnell Ihr müsst ins Haupthaus des Ordens kommen!",
526,"Quest 526","P63","Der Runenkrieger ist zurück! Schnell Ihr müsst ins Haupthaus des Ordens kommen!",
527,"Quest 527","P63","Uhm; ist das Euer Geldbeutel? Wie kommt der denn hierher...?",
528,"Quest 528","P63","Was Eure Geschäfte angeht...",
529,"Quest 529","P63","Uhm; ist das Euer Geldbeutel? Wie kommt der denn hierher...?",
530,"Quest 530","P63","Erzählt der Reihe nach!",
554,"Quest 554","P63","",
555,"Quest 555","P63","Der Runenkrieger ist zurück! Schnell Ihr müsst ins Haupthaus des Ordens kommen!",
1,"Quest 1","P7","Ja; das hatte ich gehofft! Doch nun ist alles dahin!",
14,"Quest 14","P7","",
15,"Quest 15","P7","",
16,"Quest 16","P7","",
17,"Quest 17","P7","",
18,"Quest 18","P7","Kommt! Folgt mir!",
19,"Quest 19","P7","He! Ihr da! Hier herüber!",
20,"Quest 20","P7","He! Ihr da! Hier herüber!",
21,"Quest 21","P7","He! Ihr da! Hier herüber!",
22,"Quest 22","P7","He! Ihr da! Hier herüber!",
23,"Quest 23","P7","He! Ihr da! Hier herüber!",
24,"Quest 24","P7","He! Ihr da! Hier herüber!",
25,"Quest 25","P7","He! Ihr da! Hier herüber!",
26,"Quest 26","P7","Beeilt Euch! Je länger Ihr wartet; desto besser sind sie vorbereitet!",
27,"Quest 27","P7","Beeilt Euch! Je länger Ihr wartet; desto besser sind sie vorbereitet!",
28,"Quest 28","P7","Beeilt Euch! Je länger Ihr wartet; desto besser sind sie vorbereitet!",
29,"Quest 29","P7","Beeilt Euch! Je länger Ihr wartet; desto besser sind sie vorbereitet!",
30,"Quest 30","P7","Beeilt Euch! Je länger Ihr wartet; desto besser sind sie vorbereitet!",
31,"Quest 31","P7","",
32,"Quest 32","P7","Beeilt Euch! Je länger Ihr wartet; desto besser sind sie vorbereitet!",
33,"Quest 33","P7","Beeilt Euch! Je länger Ihr wartet; desto besser sind sie vorbereitet!",
34,"Quest 34","P7","Bleibt stehen! Keinen Schritt weiter!",
35,"Quest 35","P7","Bleibt stehen! Keinen Schritt weiter!",
36,"Quest 36","P7","",
38,"Quest 38","P7","",
39,"Quest 39","P7","",
41,"Quest 41","P7","",
42,"Quest 42","P7","",
43,"Quest 43","P7","",
44,"Quest 44","P7","Brok meinte; Ihr kennt diesen Ring?",
45,"Quest 45","P7","",
46,"Quest 46","P7","",
47,"Quest 47","P7","",
48,"Quest 48","P7","",
49,"Quest 49","P7","",
50,"Quest 50","P7","",
51,"Quest 51","P7","",
63,"Quest 63","P7","",
64,"Quest 64","P7","",
65,"Quest 65","P7","",
66,"Quest 66","P7","Beeilt Euch! Je länger Ihr wartet; desto besser sind sie vorbereitet!",
67,"Quest 67","P7","Beeilt Euch! Je länger Ihr wartet; desto besser sind sie vorbereitet!",
68,"Quest 68","P7","Beeilt Euch! Je länger Ihr wartet; desto besser sind sie vorbereitet!",
69,"Quest 69","P7","Beeilt Euch! Je länger Ihr wartet; desto besser sind sie vorbereitet!",
70,"Quest 70","P7","Beeilt Euch! Je länger Ihr wartet; desto besser sind sie vorbereitet!",
71,"Quest 71","P7","Beeilt Euch! Je länger Ihr wartet; desto besser sind sie vorbereitet!",
72,"Quest 72","P7","Beeilt Euch! Je länger Ihr wartet; desto besser sind sie vorbereitet!",
73,"Quest 73","P7","Ich... ich... kenne Euch...",
74,"Quest 74","P7","Beeilt Euch! Je länger Ihr wartet; desto besser sind sie vorbereitet!",
75,"Quest 75","P7","Beeilt Euch! Je länger Ihr wartet; desto besser sind sie vorbereitet!",
76,"Quest 76","P7","Beeilt Euch! Je länger Ihr wartet; desto besser sind sie vorbereitet!",
77,"Quest 77","P7","He! Ihr da! Hier herüber!",
78,"Quest 78","P7","He! Ihr da! Hier herüber!",
79,"Quest 79","P7","He! Ihr da! Hier herüber!",
80,"Quest 80","P7","He! Ihr da! Hier herüber!",
81,"Quest 81","P7","He! Ihr da! Hier herüber!",
82,"Quest 82","P7","He! Ihr da! Hier herüber!",
83,"Quest 83","P7","He! Ihr da! Hier herüber!",
84,"Quest 84","P7","He! Ihr da! Hier herüber!",
85,"Quest 85","P7","He! Ihr da! Hier herüber!",
86,"Quest 86","P7","Grüße!",
87,"Quest 87","P7","Kommt! Folgt mir!",
88,"Quest 88","P7","Kommt! Folgt mir!",
89,"Quest 89","P7","Kommt! Folgt mir!",
90,"Quest 90","P7","Bleibt zurück! In Shiel wird gekämpft! Das Portal auf der anderen Seite ist in d",
91,"Quest 91","P7","Wohin des Wegs; Bürger?",
92,"Quest 92","P7","Was liegt im Norden hinter diesem Tor?",
93,"Quest 93","P7","",
94,"Quest 94","P7","Kommt! Folgt mir!",
95,"Quest 95","P7","Kommt! Folgt mir!",
96,"Quest 96","P7","Kommt! Folgt mir!",
97,"Quest 97","P7","Kommt! Folgt mir!",
98,"Quest 98","P7","Kommt! Folgt mir!",
100,"Quest 100","P7","Kommt! Folgt mir!",
128,"Quest 128","P7","Willkommen zurück!",
129,"Quest 129","P7","",
130,"Quest 130","P7","",
131,"Quest 131","P7","Und nehmt das als Dank von mir! Hier; es müsste Euch von Nutzen sein!",
132,"Quest 132","P7","Beeilt Euch! Je länger Ihr wartet; desto besser sind sie vorbereitet!",
133,"Quest 133","P7","Beeilt Euch! Je länger Ihr wartet; desto besser sind sie vorbereitet!",
134,"Quest 134","P7","Seid gegrüßt; Freund!",
135,"Quest 135","P7","Kommt! Folgt mir!",
136,"Quest 136","P7","Kommt! Folgt mir!",
243,"Quest 243","P7","Ah; mein treuer Freund!",
244,"Quest 244","P7","",
245,"Quest 245","P7","",
248,"Quest 248","P7","Die Briarwölfe?",
249,"Quest 249","P7","Was kann ich für Euch tun?",
250,"Quest 250","P7","Was kann ich für Euch tun?",
251,"Quest 251","P7","Soll Mechlan ihn dort selbst aus der Asche wühlen; wenn er ihn so begehrt!",
252,"Quest 252","P7","Was wollten diese Söldner von Euch?",
253,"Quest 253","P7","Wir sind frei! Sie sind weg! Kommt raus Leute!",
257,"Quest 257","P7","Die Briarwölfe?",
258,"Quest 258","P7","Ah; Ihr seid es!",
259,"Quest 259","P7","Wir sind frei! Sie sind weg! Kommt raus Leute!",
260,"Quest 260","P7","Wir sind frei! Sie sind weg! Kommt raus Leute!",
262,"Quest 262","P7","",
264,"Quest 264","P7","Wir sind frei! Sie sind weg! Kommt raus Leute!",
268,"Quest 268","P7","Ich grüße Euch!",
272,"Quest 272","P7","",
273,"Quest 273","P7","",
274,"Quest 274","P7","",
276,"Quest 276","P7","",
277,"Quest 277","P7","",
278,"Quest 278","P7","",
279,"Quest 279","P7","",
280,"Quest 280","P7","Ha; das ist die richtige Einstellung! Auf geht´s! Das wird ein Paukenschlag; der",
281,"Quest 281","P7","Von was für einer Ausrüstung habt Ihr gesprochen?",
283,"Quest 283","P7","",
284,"Quest 284","P7","",
286,"Quest 286","P7","",
288,"Quest 288","P7","",
289,"Quest 289","P7","",
290,"Quest 290","P7","",
291,"Quest 291","P7","",
294,"Quest 294","P7","",
295,"Quest 295","P7","",
296,"Quest 296","P7","Wir sind frei! Sie sind weg! Kommt raus Leute!",
297,"Quest 297","P7","Wir sind frei! Sie sind weg! Kommt raus Leute!",
298,"Quest 298","P7","",
299,"Quest 299","P7","",
300,"Quest 300","P7","",
301,"Quest 301","P7","",
306,"Quest 306","P7","",
307,"Quest 307","P7","",
318,"Quest 318","P7","",
334,"Quest 334","P7","",
361,"Quest 361","P7","Ah; Ihr seid es wieder!",
362,"Quest 362","P7","Sie zogen in Richtung Südwesten! Schätze mal; sie lungern bei den alten Minen he",
363,"Quest 363","P7","Kommt! Folgt mir!",
364,"Quest 364","P7","Kommt! Folgt mir!",
374,"Quest 374","P7","Ich weiß; wie Ihr General Torn heilen könnt.",
381,"Quest 381","P7","Das ist sie! Geht hin und fragt sie selbst; wenn Ihr mir nicht glaubt!",
382,"Quest 382","P7","",
383,"Quest 383","P7","",
387,"Quest 387","P7","",
388,"Quest 388","P7","",
389,"Quest 389","P7","Willkommen zurück!",
411,"Quest 411","P7","",
412,"Quest 412","P7","",
448,"Quest 448","P7","Beeilt Euch! Je länger Ihr wartet; desto besser sind sie vorbereitet!",
449,"Quest 449","P7","He! Ihr da! Hier herüber!",
450,"Quest 450","P7","Kommt! Folgt mir!",
451,"Quest 451","P7","Beeilt Euch! Je länger Ihr wartet; desto besser sind sie vorbereitet!",
453,"Quest 453","P7","Wessen Kopf ist das hier?",
454,"Quest 454","P7","Wessen Kopf ist das hier?",
455,"Quest 455","P7","Wessen Kopf ist das hier?",
456,"Quest 456","P7","Wessen Kopf ist das hier?",
457,"Quest 457","P7","Wessen Kopf ist das hier?",
458,"Quest 458","P7","Wessen Kopf ist das hier?",
459,"Quest 459","P7","Wessen Kopf ist das hier?",
460,"Quest 460","P7","He! Ihr da! Hier herüber!",
461,"Quest 461","P7","He! Ihr da! Hier herüber!",
462,"Quest 462","P7","He! Ihr da! Hier herüber!",
463,"Quest 463","P7","Wessen Kopf ist das hier?",
467,"Quest 467","P7","",
484,"Quest 484","P7","Kommt! Folgt mir!",
485,"Quest 485","P7","Kommt! Folgt mir!",
486,"Quest 486","P7","Kommt! Folgt mir!",
490,"Quest 490","P7","Ah; mein treuer Freund!",
491,"Quest 491","P7","Ah; mein treuer Freund!",
492,"Quest 492","P7","Ah; mein treuer Freund!",
493,"Quest 493","P7","Ah; mein treuer Freund!",
494,"Quest 494","P7","Ah; mein treuer Freund!",
510,"Quest 510","P7","Ah.",
511,"Quest 511","P7","Also gut - ich werde Euch befreien!",
512,"Quest 512","P7","Was ist Euer Problem?",
513,"Quest 513","P7","Was ist Euer Problem?",
514,"Quest 514","P7","Was ist Euer Problem?",
520,"Quest 520","P7","Freund! Hier herüber!",
521,"Quest 521","P7","Wo ist Sartarius?",
522,"Quest 522","P7","Runenkrieger?",
544,"Quest 544","P7","Ah! Schon lange habe ich diesen Kampf herbeigesehnt! Kommt! Bringen wir es zu En",
545,"Quest 545","P7","Ah! Schon lange habe ich diesen Kampf herbeigesehnt! Kommt! Bringen wir es zu En",
546,"Quest 546","P7","Ah! Schon lange habe ich diesen Kampf herbeigesehnt! Kommt! Bringen wir es zu En",
547,"Quest 547","P7","Ah! Schon lange habe ich diesen Kampf herbeigesehnt! Kommt! Bringen wir es zu En",
548,"Quest 548","P7","",
552,"Quest 552","P7","",
556,"Quest 556","P7","",
557,"Quest 557","P7","",
558,"Quest 558","P7","Wenn das so weitergeht; wird bald Udwin selbst aus den Tiefen emporsteigen! Dann",
568,"Q Der Widerstand","P7","",
571,"AedarQuest solve","P7","",
573,"begin Quest Die Belagerung","P7","",
586,"Quest 586","P7","Schwestern! Öffnet das Tor! Das rote Imperium ist hier! Diese Menschen müssen fo",
587,"end Quest Die Helden","P7","Komm zum östlichen Lager; sobald die Krieger beschworen sind.",
588,"begin Quest Das östliche Flüchtlingslager","P7","Unsere Spione werden die Tore öffnen! Kommt!",
602,"begin Quest Der Gefangene","P7","",
603,"Gefängnis Quest 603 solved","P7","",
605,"Quest 605","P7","Stinkender Schlammkraucher! Unfrosch; ekelhafter!",
644,"Quest 644","P7","Aber binde dich besser vorher an den Seelenfels hier oben. Es wird ein gefährlic",
713,"SubQ Folge Grim und Lena zu den Flüchtlingen","P7","",
715,"begin QuestWillit","P7","",
717,"Quest 717","P7","Aber binde dich besser vorher an den Seelenfels hier oben. Es wird ein gefährlic",
723,"Quest 723","P7","",
724,"Quest 724","P7","",
725,"Quest 725","P7","",
727,"Quest 727","P7","",
728,"Quest 728","P7","",
729,"Quest 729","P7","",
736,"berichtet Ashgork","P7","",
737,"Quest 737","P7","Ja; hier ist er.",
741,"Quest 741","P7","Ja und die Knochen auch.",
742,"Quest 742","P7","",
743,"Quest 743","P7","",
773,"Quest 773","P7","Heda; Runenkrieger! Nun lasst mich schon frei!",
778,"Quest 778","P7","Heda; Runenkrieger! Nun lasst mich schon frei!",
801,"Quest 801","P7","",
802,"Quest 802","P7","Heda; Runenkrieger! Nun lasst mich schon frei!",
803,"Quest 803","P7","Heda; Runenkrieger! Nun lasst mich schon frei!",
804,"Quest 804","P7","Heda; Runenkrieger! Nun lasst mich schon frei!",
805,"Quest 805","P7","Heda; Runenkrieger! Nun lasst mich schon frei!",
806,"Quest 806","P7","Dankt den Ahnen; Freunde! Die Hazim sind besiegt!",
807,"Quest 807","P7","Heda; Runenkrieger! Nun lasst mich schon frei!",
808,"Quest 808","P7","Dankt den Ahnen; Freunde! Die Hazim sind besiegt!",
809,"Quest 809","P7","",
811,"Quest 811","P7","Holla; immer langsam! Es kann sein; das ich weiß; wie man in den Palast kommt ..",
812,"Quest 812","P7","Ihr könnt mich in den Palastgarten bringen?",
813,"Quest 813","P7","Geschäftlich? Ja; natürlich .. Diese Alyah; ja! Ich errinnere mich; ha ha! Ehm .",
814,"Quest 814","P7","Hab ihr die 10 Goldstücke?",
816,"Quest 816","P7","",
864,"Quest 864","P7","",
878,"Quest 878","P7","Ich bin ein Runenkrieger der hier ist; um die Dryade aufzusuchen.",
879,"Quest 879","P7","Habt Ihr die Zutaten für den Traumwein?",
880,"Quest 880","P7","",
889,"Quest 889","P7","Hab ihr die 10 Goldstücke?",
890,"Quest 890","P7","",
894,"Quest 894","P7","Wie Ihr meint; Freund. Dann also weiter nach Süden! Gebt Alyah Bescheid; sobald ",
895,"Quest 895","P7","Wie Ihr meint; Freund. Dann also weiter nach Süden! Gebt Alyah Bescheid; sobald ",
896,"Quest 896","P7","Wie Ihr meint; Freund. Dann also weiter nach Süden! Gebt Alyah Bescheid; sobald ",
897,"Quest 897","P7","Ich brauche noch 10 Gold; vorher komme ich nicht mit! Ihr wisst ja nicht; was di",
915,"Quest 915","P7","",
916,"Quest 916","P7","",
917,"Quest 917","P7","",
919,"Quest 919","P7","",
920,"Quest 920","P7","",
921,"Quest 921","P7","",
922,"Quest 922","P7","",
923,"Quest 923","P7","",
924,"Quest 924","P7","",
925,"Quest 925","P7","",
926,"Quest 926","P7","",
927,"Quest 927","P7","",
938,"Quest 938","P7","Ich bin ein Runenkrieger der hier ist; um die Dryade aufzusuchen.",
939,"Quest 939","P7","",
945,"Quest 945","P7","Heda; Runenkrieger! Nun lasst mich schon frei!",
946,"Quest 946","P7","Holla; immer langsam! Es kann sein; das ich weiß; wie man in den Palast kommt ..",
951,"Quest 951","P7","Holla; immer langsam! Es kann sein; das ich weiß; wie man in den Palast kommt ..",
952,"Quest 952","P7","",
953,"Quest 953","P7","",
954,"Quest 954","P7","",
955,"Quest 955","P7","",
966,"Quest 966","P7","",
967,"Quest 967","P7","",
968,"Quest 968","P7","",
969,"Quest 969","P7","",
972,"Quest 972","P7","",
1002,"Quest 1002","P7","",
1003,"Quest 1003","P7","",
1004,"Quest 1004","P7","",
1011,"Quest 1011","P7","So; dass reicht! Das war ein guter Kampf! Ihr seid mittlerweile ein würdiger Geg",
1012,"Quest 1012","P7","So; dass reicht! Das war ein guter Kampf! Ihr seid mittlerweile ein würdiger Geg",
1013,"Quest 1013","P7","So; dass reicht! Das war ein guter Kampf! Ihr seid mittlerweile ein würdiger Geg",
1014,"Quest 1014","P7","So; dass reicht! Das war ein guter Kampf! Ihr seid mittlerweile ein würdiger Geg",
1015,"Quest 1015","P7","So; dass reicht! Das war ein guter Kampf! Ihr seid mittlerweile ein würdiger Geg",
1016,"Quest 1016","P7","So; dass reicht! Das war ein guter Kampf! Ihr seid mittlerweile ein würdiger Geg",
1018,"Quest 1018","P7","Sehr gut! Es wird den anderen Spielern eine Lehre sein. Allerdings gibt es ein p",
1019,"Quest 1019","P7","Seth; ich habe ein Geschenk für Euch ...",
1020,"Quest 1020","P7","",
1021,"Quest 1021","P7","",
1022,"Quest 1022","P7","",
1023,"Quest 1023","P7","",
1024,"Quest 1024","P7","",
1025,"Quest 1025","P7","",
1026,"Quest 1026","P7","",
1027,"Quest 1027","P7","",
1028,"Quest 1028","P7","Des Kaisers Hand möge Euch segnen; Feldherr ... Bei den Gräbern meiner Ahnen! Ih",
1029,"Quest 1029","P7","Das Gora ist erwacht! Es kehrt in sein altes Jagdrevier zurück!",
1030,"Quest 1030","P7","Das Gora ist erwacht! Es kehrt in sein altes Jagdrevier zurück!",
1031,"Quest 1031","P7","Ich nehme lieber die Vorräte.",
1033,"Quest 1033","P7","Ach; diese Edelsteine gibt es doch zuhauf! Seht; ich habe selbst einen.",
1034,"Quest 1034","P7","Ach; diese Edelsteine gibt es doch zuhauf! Seht; ich habe selbst einen.",
1035,"Quest 1035","P7","Ach; diese Edelsteine gibt es doch zuhauf! Seht; ich habe selbst einen.",
1036,"Quest 1036","P7","Ach; diese Edelsteine gibt es doch zuhauf! Seht; ich habe selbst einen.",
1037,"Quest 1037","P7","Ach; diese Edelsteine gibt es doch zuhauf! Seht; ich habe selbst einen.",
1038,"Quest 1038","P7","Ach; diese Edelsteine gibt es doch zuhauf! Seht; ich habe selbst einen.",
1039,"Quest 1039","P7","Ach; diese Edelsteine gibt es doch zuhauf! Seht; ich habe selbst einen.",
1041,"Quest 1041","P7","Bitte zieht sie aus; damit ich sie nehmen kann.",
1057,"Quest 1057","P7","Nein; wir sollten erst einmal unsere Aufgabe hier abschließen. Aber ich wäre Euc",
1058,"Quest 1058","P7","Dann kommt wieder; wenn Ihr soweit seid! Aber sputet Euch; die Stadt wird mit je",
1061,"Quest 1061","P7","",
1064,"Quest 1064","P7","",
1065,"Quest 1065","P7","",
1068,"Quest 1068","P7","",
1071,"Quest 1071","P7","Na hoppla; was wollt Ihr denn wieder hier? Mich jetzt endgültig in den Ruin trei",
1072,"Quest 1072","P7","",
1073,"Quest 1073","P7","Flink; was haltet Ihr davon; wenn Ihr Euch nützlich macht und einige der Wachen ",
1074,"Quest 1074","P7","Ohne das Gold im Beutel wird der Eintreiber den Betrug erkennen! Ich fürche wir ",
1075,"Quest 1075","P7","Ach wisst Ihr ... eigentlich bin ich ja schuld.",
1076,"Quest 1076","P7","Ach wisst Ihr ... eigentlich bin ich ja schuld.",
1081,"Quest 1081","P7","",
1082,"Quest 1082","P7","",
473,"Quest 473","P78","Selektieren Sie den Seelenfels und aktivieren Sie ihn unten in der Aktionsleiste",
474,"Quest 474","P78","Selektieren Sie den Seelenfels und aktivieren Sie ihn unten in der Aktionsleiste",
475,"Quest 475","P78","Sie haben als Belohnung zusätzliche Erfahrungspunkte gewonnen und von dem Soldat",
476,"Quest 476","P78","Sie können Leichen und Truhen nicht durchsuchen; wenn in der Nähe noch ein Feind",
477,"Quest 477","P78","Gratuliere! Wenn Sie in Ihr Questbuch schauen; werden Sie feststellen; dass Sie ",
478,"Quest 478","P78","Gratuliere! Wenn Sie in Ihr Questbuch schauen; werden Sie feststellen; dass Sie ",
112,"Quest 112","P9","Bald ist es soweit! Die Späher sind zurück! Ihr Heer sammelt sich!",
114,"Quest 114","P9","Bald ist es soweit! Die Späher sind zurück! Ihr Heer sammelt sich!",
115,"Quest 115","P9","Was gibt es?",
116,"Quest 116","P9","Bald ist es soweit! Die Späher sind zurück! Ihr Heer sammelt sich!",
117,"Quest 117","P9","Bald ist es soweit! Die Späher sind zurück! Ihr Heer sammelt sich!",
118,"Quest 118","P9","Bald ist es soweit! Die Späher sind zurück! Ihr Heer sammelt sich!",
119,"Quest 119","P9","Bald ist es soweit! Die Späher sind zurück! Ihr Heer sammelt sich!",
120,"Quest 120","P9","Was gibt es?",
121,"Quest 121","P9","Ein Runenkrieger? Von Eurer Sorte haben wir hier schon lange keinen mehr gesehen",
125,"Quest 125","P9","Wisst Ihr etwas über Hokan Ashir?",
126,"Quest 126","P9","",
127,"Quest 127","P9","Was gibt es?",
345,"Quest 345","P9","Bald ist es soweit! Die Späher sind zurück! Ihr Heer sammelt sich!",
346,"Quest 346","P9","Bald ist es soweit! Die Späher sind zurück! Ihr Heer sammelt sich!",
419,"Quest 419","P9","Bald ist es soweit! Die Späher sind zurück! Ihr Heer sammelt sich!",
420,"Quest 420","P9","Bald ist es soweit! Die Späher sind zurück! Ihr Heer sammelt sich!",
452,"Quest 452","P9","",
464,"Quest 464","P9","Wisst Ihr etwas über Hokan Ashir?",
465,"Quest 465","P9","Bald ist es soweit! Die Späher sind zurück! Ihr Heer sammelt sich!",
468,"Quest 468","P9","Bald ist es soweit! Die Späher sind zurück! Ihr Heer sammelt sich!",
